00034;+00000;+00000;+00000;+00000;+00000;00003;+00013;+00009;
00034;+00001;+00000;+00000;+00001;+00000;00003;+00025;+00026;
00034;+00004;+00000;+00000;+00005;+00000;00003;+00079;+00082;
00034;+00009;+00000;+00000;+00011;+00000;00003;+00121;+00127;
00034;+00018;+00000;+00000;+00022;+00000;00003;+00119;+00129;
00034;+00030;+00000;+00000;+00036;+00000;00003;+00172;+00172;
00034;+00046;+00000;+00000;+00053;+00000;00003;+00163;+00174;
00034;+00066;+00000;+00003;+00074;+00000;00003;+00169;+00183;
00034;+00089;+00000;+00005;+00099;+00000;00003;+00163;+00160;
00034;+00115;+00000;+00009;+00125;+00000;00003;+00166;+00191;
00034;+00141;+00000;+00013;+00152;+00000;00003;+00184;+00209;
00034;+00168;+00000;+00013;+00179;+00000;00003;+00195;+00173;
00034;+00195;+00000;+00014;+00207;+00000;00003;+00164;+00169;
00034;+00223;+00000;+00016;+00235;+00000;00003;+00166;+00173;
00034;+00251;+00000;+00016;+00262;+00000;00003;+00201;+00197;
00034;+00280;+00000;+00016;+00290;+00000;00003;+00175;+00177;
00034;+00308;+00000;+00016;+00316;+00000;00003;+00193;+00200;
00034;+00336;+00000;+00016;+00344;+00000;00003;+00181;+00171;
00034;+00364;+00000;+00016;+00372;+00000;00003;+00171;+00212;
00034;+00393;+00000;+00016;+00399;+00000;00003;+00189;+00173;
00034;+00421;+00000;+00016;+00426;+00000;00003;+00207;+00163;
00034;+00450;+00000;+00016;+00453;+00000;00003;+00174;+00204;
00034;+00477;+00000;+00016;+00481;+00000;00003;+00186;+00174;
00034;+00505;+00000;+00016;+00508;+00000;00003;+00197;+00173;
00034;+00534;+00000;+00016;+00536;+00000;00003;+00157;+00192;
00034;+00562;+00000;+00016;+00563;+00000;00003;+00160;+00180;
00034;+00590;+00000;+00016;+00590;+00000;00003;+00172;+00202;
00034;+00617;+00000;+00016;+00618;+00000;00003;+00161;+00199;
00034;+00645;+00000;+00016;+00645;+00000;00003;+00189;+00177;
00034;+00672;+00001;+00016;+00673;+00000;00003;+00193;+00173;
00034;+00700;+00001;+00015;+00701;+00000;00003;+00152;+00171;
00034;+00728;+00001;+00010;+00727;+00000;00003;+00179;+00161;
00034;+00755;+00001;+00010;+00755;+00000;00003;+00158;+00171;
00034;+00782;+00001;+00008;+00782;+00000;00003;+00201;+00171;
00034;+00810;+00001;+00008;+00810;+00000;00003;+00203;+00166;
00034;+00837;+00001;+00008;+00837;+00000;00003;+00187;+00177;
00034;+00865;+00001;+00006;+00864;+00000;00003;+00201;+00164;
00034;+00892;+00001;+00004;+00892;+00000;00003;+00203;+00171;
00034;+00919;+00001;+00004;+00919;+00000;00003;+00157;+00201;
00034;+00947;+00001;+00004;+00947;+00000;00003;+00171;+00160;
00034;+00974;+00001;+00003;+00974;+00000;00003;+00174;+00175;
00034;+01002;+00001;+00003;+01002;+00000;00003;+00155;+00173;
00034;+01029;+00001;+00003;+01029;+00000;00003;+00171;+00205;
00034;+01057;+00001;+00003;+01056;+00000;00003;+00197;+00197;
00034;+01083;+00001;+00003;+01084;+00000;00003;+00186;+00165;
00034;+01111;+00001;+00003;+01111;+00000;00003;+00183;+00202;
00034;+01138;+00001;+00003;+01139;+00000;00003;+00202;+00168;
00034;+01166;+00001;+00003;+01166;+00000;00003;+00177;+00176;
00034;+01193;+00001;+00003;+01193;+00000;00003;+00161;+00200;
00034;+01220;+00001;+00003;+01221;+00000;00003;+00192;+00190;
00034;+01248;+00001;+00003;+01248;+00000;00003;+00194;+00200;
00034;+01275;+00001;+00003;+01276;+00000;00003;+00188;+00170;
00034;+01303;+00001;+00003;+01303;+00000;00003;+00166;+00190;
00034;+01330;+00001;+00002;+01330;+00000;00003;+00174;+00161;
00034;+01357;+00001;+00002;+01358;+00000;00003;+00190;+00174;
00034;+01385;+00001;+00002;+01385;+00000;00003;+00197;+00200;
00034;+01412;+00001;+00002;+01413;+00000;00003;+00197;+00169;
00034;+01440;+00001;+00002;+01440;+00000;00003;+00192;+00209;
00034;+01467;+00001;+00002;+01467;+00000;00003;+00192;+00195;
00034;+01494;+00001;+00002;+01495;+00000;00003;+00190;+00183;
00034;+01522;+00001;+00002;+01522;+00000;00003;+00164;+00177;
00034;+01549;+00001;+00002;+01550;+00000;00003;+00194;+00203;
00034;+01577;+00001;+00002;+01577;+00000;00003;+00170;+00202;
00034;+01604;+00001;+00002;+01604;+00000;00003;+00188;+00207;
00034;+01631;+00001;+00002;+01632;+00000;00003;+00167;+00170;
00034;+01659;+00001;+00002;+01659;+00000;00003;+00199;+00174;
00034;+01686;+00001;+00002;+01687;+00000;00002;+00185;+00173;
00034;+01714;+00001;+00002;+01714;+00000;00002;+00154;+00188;
00034;+01740;+00001;+00002;+01741;+00000;00002;+00177;+00183;
00034;+01764;+00001;+00002;+01765;+00000;00002;+00151;+00179;
00034;+01784;+00001;+00002;+01786;+00000;00002;+00147;+00148;
00034;+01804;+00001;+00002;+01805;+00000;00002;+00141;+00155;
00034;+01822;+00001;+00008;+01822;+00000;00001;+00156;+00153;
00034;+01840;+00001;+00183;+01840;+00000;00001;+00205;+00120;
00034;+01859;+00002;+00535;+01857;+00001;00001;+00143;+00137;
00034;+01876;+00003;+00947;+01875;+00003;00001;+00143;+00104;
00034;+01894;+00006;+01423;+01891;+00007;00001;+00165;+00075;
00034;+01911;+00009;+01927;+01908;+00012;00001;+00166;+00065;
00034;+01928;+00014;+02468;+01924;+00019;00001;+00191;+00040;
00034;+01945;+00020;+03044;+01939;+00027;00001;+00161;+00015;
00034;+01960;+00027;+03685;+01954;+00036;00001;+00174;-00005;
00034;+01976;+00035;+04344;+01968;+00046;00001;+00174;+00000;
00034;+01990;+00044;+05032;+01981;+00057;00001;+00199;-00025;
00034;+02004;+00054;+05772;+01993;+00070;00001;+00194;+00006;
00034;+02016;+00066;+06416;+02004;+00083;00001;+00156;+00040;
00034;+02027;+00078;+06887;+02015;+00097;00001;+00167;+00112;
00034;+02038;+00090;+07191;+02025;+00111;00001;+00155;+00101;
00034;+02048;+00103;+07505;+02036;+00125;00003;+00171;+00141;
00034;+02059;+00118;+07746;+02047;+00140;00003;+00159;+00140;
00034;+02071;+00135;+07920;+02059;+00157;00003;+00165;+00173;
00034;+02085;+00155;+08042;+02073;+00176;00003;+00184;+00171;
00034;+02099;+00177;+08126;+02088;+00197;00003;+00186;+00189;
00034;+02114;+00200;+08189;+02104;+00219;00003;+00202;+00201;
00034;+02129;+00223;+08237;+02121;+00242;00003;+00166;+00166;
00034;+02144;+00247;+08258;+02137;+00264;00003;+00166;+00165;
00034;+02159;+00272;+08265;+02154;+00286;00003;+00187;+00175;
00034;+02175;+00296;+08261;+02170;+00308;00003;+00164;+00170;
00034;+02190;+00320;+08242;+02187;+00331;00003;+00167;+00217;
00034;+02205;+00344;+08208;+02203;+00353;00003;+00180;+00205;
00034;+02221;+00368;+08169;+02219;+00375;00003;+00178;+00181;
00034;+02237;+00392;+08127;+02236;+00398;00003;+00179;+00221;
00034;+02252;+00416;+08077;+02253;+00420;00003;+00182;+00202;
00034;+02268;+00440;+08023;+02269;+00443;00003;+00163;+00174;
00034;+02284;+00463;+07967;+02285;+00465;00003;+00168;+00171;
00034;+02300;+00486;+07920;+02302;+00487;00002;+00180;+00196;
00034;+02316;+00509;+07880;+02318;+00510;00002;+00154;+00206;
00034;+02330;+00530;+07844;+02334;+00530;00002;+00148;+00162;
00034;+02344;+00549;+07812;+02347;+00548;00002;+00181;+00161;
00034;+02355;+00565;+07776;+02359;+00564;00002;+00141;+00184;
00034;+02366;+00580;+07735;+02370;+00579;00002;+00153;+00176;
00034;+02377;+00595;+07754;+02380;+00593;00001;+00158;+00124;
00034;+02387;+00610;+07960;+02390;+00607;00001;+00201;+00111;
00034;+02397;+00625;+08322;+02399;+00622;00001;+00185;+00108;
00034;+02406;+00640;+08730;+02407;+00637;00001;+00166;+00095;
00034;+02414;+00656;+09202;+02413;+00653;00001;+00172;+00072;
00034;+02422;+00672;+09706;+02418;+00670;00001;+00196;+00051;
00034;+02428;+00689;+10248;+02422;+00687;00001;+00193;+00040;
00034;+02432;+00705;+10833;+02424;+00704;00001;+00165;+00009;
00034;+02436;+00722;+11491;+02425;+00721;00001;+00185;+00006;
00034;+02438;+00739;+12161;+02425;+00738;00001;+00214;-00019;
00034;+02439;+00756;+12868;+02423;+00756;00001;+00202;-00027;
00034;+02438;+00773;+13620;+02420;+00773;00001;+00166;-00048;
00034;+02436;+00790;+14366;+02415;+00790;00001;+00212;-00040;
00034;+02432;+00807;+15121;+02409;+00806;00001;+00206;-00046;
00034;+02427;+00823;+15891;+02402;+00822;00001;+00144;+00004;
00034;+02420;+00838;+16465;+02393;+00837;00001;+00171;+00071;
00034;+02413;+00853;+16869;+02384;+00852;00001;+00139;+00127;
00034;+02405;+00868;+17149;+02375;+00867;00003;+00162;+00128;
00034;+02396;+00883;+17405;+02366;+00882;00003;+00197;+00137;
00034;+02385;+00899;+17601;+02356;+00899;00003;+00146;+00186;
00034;+02373;+00918;+17723;+02345;+00917;00003;+00162;+00173;
00034;+02358;+00939;+17799;+02333;+00938;00003;+00166;+00195;
00034;+02343;+00961;+17856;+02319;+00961;00003;+00190;+00166;
00034;+02327;+00985;+17896;+02305;+00984;00003;+00158;+00194;
00034;+02310;+01008;+17919;+02291;+01008;00003;+00169;+00195;
00034;+02294;+01031;+17923;+02276;+01032;00003;+00202;+00175;
00034;+02277;+01054;+17918;+02262;+01056;00003;+00179;+00214;
00034;+02261;+01078;+17894;+02248;+01079;00003;+00193;+00195;
00034;+02244;+01102;+17863;+02234;+01104;00003;+00169;+00180;
00034;+02227;+01125;+17824;+02219;+01127;00003;+00159;+00206;
00034;+02211;+01149;+17777;+02205;+01151;00003;+00185;+00176;
00034;+02195;+01173;+17722;+02191;+01175;00003;+00197;+00192;
00034;+02179;+01196;+17663;+02176;+01199;00003;+00154;+00176;
00034;+02163;+01221;+17606;+02162;+01223;00003;+00174;+00173;
00034;+02148;+01244;+17557;+02148;+01247;00002;+00197;+00179;
00034;+02133;+01267;+17516;+02134;+01270;00002;+00173;+00192;
00034;+02120;+01288;+17481;+02121;+01291;00002;+00152;+00183;
00034;+02108;+01306;+17446;+02110;+01310;00002;+00152;+00181;
00034;+02098;+01323;+17406;+02100;+01327;00002;+00176;+00149;
00034;+02088;+01339;+17362;+02091;+01342;00002;+00163;+00153;
00034;+02078;+01355;+17425;+02082;+01357;00001;+00192;+00114;
00034;+02068;+01370;+17678;+02073;+01371;00001;+00186;+00120;
00034;+02058;+01385;+18064;+02062;+01385;00001;+00168;+00103;
00034;+02047;+01399;+18483;+02050;+01398;00001;+00156;+00095;
00034;+02036;+01412;+18954;+02038;+01409;00001;+00181;+00070;
00034;+02023;+01425;+19465;+02024;+01421;00001;+00161;+00052;
00034;+02011;+01436;+20032;+02010;+01430;00001;+00223;+00021;
00034;+01997;+01447;+20631;+01995;+01439;00001;+00182;+00004;
00034;+01982;+01457;+21277;+01979;+01446;00001;+00162;-00007;
00034;+01967;+01465;+21958;+01963;+01452;00001;+00177;-00023;
00034;+01952;+01472;+22689;+01946;+01456;00001;+00157;-00012;
00034;+01936;+01477;+23428;+01929;+01459;00001;+00180;-00021;
00034;+01919;+01481;+24134;+01912;+01461;00001;+00162;+00023;
00034;+01904;+01484;+24660;+01894;+01462;00001;+00158;+00114;
00034;+01888;+01485;+25018;+01877;+01462;00003;+00204;+00066;
00034;+01871;+01487;+25348;+01859;+01463;00003;+00188;+00134;
00034;+01852;+01487;+25605;+01840;+01463;00003;+00167;+00165;
00034;+01830;+01487;-25684;+01818;+01463;00003;+00181;+00181;
00034;+01805;+01487;-25550;+01793;+01464;00003;+00162;+00172;
00034;+01778;+01486;-25458;+01767;+01464;00003;+00166;+00163;
00034;+01750;+01485;-25386;+01739;+01465;00003;+00175;+00193;
00034;+01722;+01484;-25338;+01711;+01466;00003;+00174;+00192;
00034;+01694;+01482;-25310;+01683;+01466;00003;+00191;+00209;
00034;+01666;+01481;-25304;+01656;+01467;00003;+00166;+00180;
00034;+01637;+01479;-25306;+01628;+01467;00003;+00173;+00170;
00034;+01608;+01478;-25327;+01600;+01468;00003;+00194;+00164;
00034;+01580;+01476;-25356;+01572;+01468;00003;+00186;+00214;
00034;+01551;+01475;-25393;+01545;+01469;00003;+00155;+00187;
00034;+01522;+01474;-25437;+01517;+01470;00003;+00178;+00164;
00034;+01493;+01473;-25488;+01489;+01470;00003;+00168;+00159;
00034;+01465;+01472;-25537;+01461;+01471;00003;+00176;+00154;
00034;+01436;+01472;-25586;+01434;+01471;00003;+00172;+00173;
00034;+01408;+01471;-25637;+01406;+01472;00003;+00142;+00181;
00034;+01380;+01471;-25685;+01378;+01473;00003;+00157;+00158;
00034;+01352;+01471;-25733;+01350;+01473;00003;+00174;+00190;
00034;+01324;+01471;+25694;+01323;+01474;00003;+00201;+00167;
00034;+01295;+01471;+25654;+01295;+01475;00003;+00169;+00196;
00034;+01268;+01471;+25620;+01267;+01475;00003;+00149;+00183;
00034;+01240;+01472;+25585;+01239;+01476;00003;+00183;+00150;
00034;+01212;+01472;+25557;+01212;+01476;00003;+00160;+00176;
00034;+01184;+01473;+25531;+01184;+01477;00003;+00171;+00161;
00034;+01156;+01474;+25512;+01157;+01478;00003;+00173;+00174;
00034;+01129;+01475;+25493;+01128;+01479;00003;+00167;+00180;
00034;+01101;+01475;+25478;+01101;+01479;00003;+00192;+00176;
00034;+01073;+01476;+25468;+01073;+01480;00003;+00144;+00191;
00034;+01045;+01477;+25459;+01046;+01481;00003;+00158;+00194;
00034;+01018;+01478;+25449;+01017;+01481;00003;+00211;+00164;
00034;+00990;+01479;+25447;+00990;+01482;00003;+00191;+00149;
00034;+00963;+01480;+25442;+00962;+01483;00003;+00178;+00182;
00034;+00934;+01481;+25440;+00935;+01484;00003;+00150;+00173;
00034;+00907;+01482;+25438;+00907;+01485;00003;+00192;+00182;
00034;+00879;+01483;+25437;+00879;+01485;00003;+00185;+00197;
00034;+00852;+01484;+25435;+00851;+01486;00003;+00165;+00176;
00034;+00824;+01485;+25432;+00824;+01487;00002;+00183;+00191;
00034;+00797;+01486;+25428;+00796;+01488;00002;+00144;+00198;
00034;+00772;+01487;+25423;+00771;+01489;00002;+00180;+00183;
00034;+00750;+01488;+25418;+00749;+01490;00002;+00166;+00181;
00034;+00730;+01489;+25409;+00729;+01490;00002;+00169;+00177;
00034;+00712;+01489;+25402;+00711;+01491;00002;+00182;+00148;
00034;+00694;+01490;+25283;+00694;+01492;00001;+00131;+00196;
00034;+00676;+01491;+24972;+00677;+01493;00001;+00093;+00179;
00034;+00658;+01494;+24554;+00660;+01496;00001;+00088;+00180;
00034;+00640;+01497;+24095;+00643;+01500;00001;+00102;+00195;
00034;+00623;+01501;+23581;+00626;+01505;00001;+00078;+00175;
00034;+00606;+01506;+23044;+00611;+01512;00001;+00050;+00203;
00034;+00590;+01512;+22457;+00595;+01520;00001;+00010;+00210;
00034;+00574;+01520;+21843;+00580;+01530;00001;+00016;+00200;
00034;+00559;+01528;+21187;+00566;+01540;00001;+00000;+00183;
00034;+00544;+01538;+20485;+00554;+01552;00001;+00007;+00199;
00034;+00531;+01549;+19778;+00542;+01565;00001;-00025;+00170;
00034;+00518;+01561;+19047;+00531;+01578;00001;-00031;+00167;
00034;+00507;+01574;+18286;+00521;+01593;00001;-00014;+00179;
00034;+00497;+01588;+17670;+00513;+01608;00001;+00062;+00152;
00034;+00489;+01601;+17219;+00505;+01624;00001;+00121;+00175;
00034;+00480;+01616;+16912;+00497;+01640;00003;+00135;+00170;
00034;+00472;+01633;+16638;+00489;+01656;00003;+00130;+00197;
00034;+00463;+01652;+16428;+00480;+01675;00003;+00153;+00172;
00034;+00453;+01673;+16292;+00470;+01696;00003;+00191;+00173;
00034;+00442;+01697;+16195;+00458;+01719;00003;+00164;+00189;
00034;+00432;+01723;+16120;+00446;+01743;00003;+00165;+00183;
00034;+00421;+01749;+16068;+00434;+01769;00003;+00177;+00196;
00034;+00410;+01776;+16038;+00422;+01793;00003;+00154;+00173;
00034;+00399;+01803;+16027;+00410;+01818;00003;+00192;+00176;
00034;+00388;+01829;+16026;+00398;+01844;00003;+00209;+00160;
00034;+00377;+01856;+16042;+00385;+01868;00003;+00197;+00177;
00034;+00366;+01882;+16065;+00373;+01893;00003;+00196;+00165;
00034;+00355;+01909;+16099;+00361;+01918;00003;+00156;+00172;
00034;+00344;+01936;+16135;+00348;+01943;00003;+00174;+00195;
00034;+00333;+01962;+16179;+00336;+01968;00003;+00162;+00171;
00034;+00321;+01988;+16221;+00324;+01993;00002;+00166;+00176;
00034;+00310;+02014;+16256;+00312;+02018;00002;+00197;+00170;
00034;+00299;+02039;+16280;+00300;+02042;00002;+00168;+00188;
00034;+00289;+02061;+16296;+00289;+02064;00002;+00160;+00146;
00034;+00281;+02081;+16317;+00280;+02083;00002;+00195;+00140;
00034;+00273;+02099;+16341;+00272;+02100;00002;+00162;+00154;
00034;+00265;+02116;+16366;+00264;+02116;00001;+00145;+00156;
00034;+00257;+02132;+16236;+00257;+02132;00001;+00137;+00162;
00034;+00251;+02149;+15920;+00250;+02147;00001;+00130;+00143;
00034;+00244;+02166;+15520;+00245;+02164;00001;+00106;+00167;
00034;+00239;+02183;+15081;+00241;+02181;00001;+00096;+00156;
00034;+00235;+02200;+14581;+00239;+02198;00001;+00069;+00196;
00034;+00232;+02218;+14049;+00238;+02215;00001;+00049;+00168;
00034;+00230;+02235;+13485;+00238;+02233;00001;+00019;+00197;
00034;+00229;+02252;+12856;+00240;+02250;00001;+00006;+00182;
00034;+00230;+02270;+12201;+00243;+02267;00001;+00010;+00179;
00034;+00232;+02286;+11593;+00248;+02284;00001;+00039;+00159;
00034;+00235;+02302;+11123;+00253;+02300;00001;+00108;+00156;
00034;+00238;+02318;+10819;+00259;+02317;00003;+00096;+00160;
00034;+00243;+02335;+10505;+00265;+02334;00003;+00136;+00178;
00034;+00249;+02353;+10248;+00272;+02352;00003;+00142;+00176;
00034;+00256;+02375;+10060;+00279;+02374;00003;+00163;+00182;
00034;+00265;+02398;+09925;+00287;+02398;00003;+00177;+00174;
00034;+00274;+02423;+09825;+00296;+02423;00003;+00173;+00183;
00034;+00284;+02448;+09744;+00305;+02449;00003;+00158;+00199;
00034;+00295;+02474;+09691;+00314;+02475;00003;+00177;+00172;
00034;+00305;+02500;+09654;+00324;+02501;00003;+00169;+00196;
00034;+00316;+02526;+09634;+00333;+02528;00003;+00166;+00177;
00034;+00327;+02552;+09630;+00342;+02554;00003;+00213;+00165;
00034;+00338;+02578;+09632;+00351;+02580;00003;+00192;+00206;
00034;+00349;+02605;+09649;+00360;+02606;00003;+00189;+00174;
00034;+00360;+02631;+09672;+00369;+02632;00003;+00193;+00175;
00034;+00371;+02657;+09699;+00378;+02658;00003;+00179;+00187;
00034;+00381;+02683;+09728;+00388;+02685;00002;+00168;+00195;
00034;+00392;+02709;+09747;+00397;+02710;00002;+00175;+00164;
00034;+00401;+02733;+09758;+00405;+02735;00002;+00171;+00194;
00034;+00410;+02755;+09765;+00413;+02756;00002;+00134;+00173;
00034;+00417;+02774;+09774;+00420;+02776;00002;+00180;+00146;
00034;+00424;+02792;+09796;+00426;+02793;00002;+00148;+00157;
00034;+00431;+02809;+09781;+00432;+02809;00001;+00143;+00168;
00034;+00438;+02826;+09587;+00438;+02825;00001;+00116;+00178;
00034;+00445;+02842;+09228;+00445;+02841;00001;+00104;+00186;
00034;+00454;+02858;+08825;+00454;+02856;00001;+00100;+00204;
00034;+00462;+02874;+08375;+00463;+02871;00001;+00086;+00193;
00034;+00472;+02888;+07861;+00474;+02884;00001;+00083;+00195;
00034;+00482;+02903;+07326;+00486;+02896;00001;+00053;+00173;
00034;+00494;+02916;+06752;+00499;+02908;00001;+00054;+00202;
00034;+00506;+02928;+06134;+00513;+02918;00001;-00009;+00203;
00034;+00519;+02939;+05457;+00528;+02928;00001;-00020;+00231;
00034;+00533;+02950;+04770;+00543;+02936;00001;-00021;+00177;
00034;+00548;+02958;+04055;+00559;+02942;00001;-00025;+00214;
00034;+00564;+02966;+03313;+00576;+02948;00001;-00024;+00216;
00034;+00579;+02972;+02546;+00592;+02952;00001;-00007;+00161;
00034;+00596;+02976;+01820;+00610;+02954;00001;+00018;+00176;
00034;+00613;+02979;+01263;+00627;+02956;00001;+00089;+00166;
00034;+00629;+02982;+00895;+00645;+02957;00003;+00121;+00184;
00034;+00646;+02983;+00590;+00662;+02958;00003;+00140;+00167;
00034;+00665;+02984;+00347;+00681;+02959;00003;+00145;+00177;
00034;+00687;+02985;+00175;+00702;+02960;00003;+00199;+00169;
00034;+00712;+02985;+00058;+00726;+02961;00003;+00174;+00171;
00034;+00739;+02985;-00026;+00752;+02962;00003;+00172;+00184;
00034;+00767;+02985;-00086;+00779;+02964;00003;+00178;+00208;
00034;+00795;+02985;-00129;+00808;+02965;00003;+00206;+00169;
00034;+00824;+02984;-00150;+00835;+02967;00003;+00205;+00202;
00034;+00852;+02984;-00155;+00863;+02968;00003;+00195;+00194;
00034;+00881;+02983;-00150;+00890;+02969;00003;+00178;+00178;
00034;+00909;+02983;-00132;+00918;+02971;00003;+00190;+00177;
00034;+00938;+02982;-00102;+00945;+02972;00003;+00171;+00174;
00034;+00967;+02982;-00068;+00973;+02974;00003;+00189;+00187;
00034;+00995;+02982;-00026;+01000;+02975;00003;+00175;+00205;
00034;+01024;+02982;+00019;+01028;+02977;00003;+00167;+00162;
00034;+01052;+02982;+00063;+01055;+02978;00003;+00166;+00160;
00034;+01080;+02982;+00111;+01083;+02980;00003;+00205;+00167;
00034;+01108;+02982;+00158;+01110;+02981;00003;+00180;+00182;
00034;+01136;+02983;+00202;+01138;+02982;00003;+00168;+00193;
00034;+01165;+02984;+00245;+01165;+02984;00003;+00156;+00189;
00034;+01193;+02985;+00282;+01193;+02985;00003;+00186;+00162;
00034;+01221;+02986;+00312;+01220;+02987;00003;+00164;+00157;
00034;+01248;+02987;+00340;+01248;+02988;00003;+00175;+00200;
00034;+01276;+02988;+00364;+01276;+02989;00003;+00186;+00182;
00034;+01304;+02989;+00382;+01304;+02991;00003;+00167;+00187;
00034;+01331;+02991;+00398;+01331;+02992;00004;+00180;+00174;
00034;+01357;+02992;+00409;+01358;+02993;00004;+00177;+00161;
00034;+01381;+02993;+00420;+01382;+02994;00004;+00155;+00150;
00034;+01403;+02994;+00430;+01403;+02995;00004;+00130;+00176;
00034;+01420;+02995;+00441;+01421;+02996;00004;+00169;+00137;
00034;+01434;+02996;+00453;+01435;+02997;00004;+00123;+00152;
00034;+01445;+02996;+00466;+01445;+02997;00004;+00091;+00136;
00034;+01453;+02997;+00483;+01452;+02998;00004;+00114;+00072;
00034;+01458;+02997;+00500;+01455;+02998;00004;+00129;-00027;
00034;+01461;+02997;+00527;+01456;+02998;00004;+00117;-00008;
00034;+01463;+02998;+00550;+01456;+02998;00004;-00092;+00163;
00034;+01465;+02998;+00574;+01456;+02998;00004;+00259;-00219;
00034;+01466;+02998;+00628;+01456;+02998;00004;-00263;+00306;
00034;+01467;+02998;+00655;+01456;+02998;00004;+00063;+00012;
00034;+01468;+02998;+00811;+01457;+02998;00004;-00147;+00058;
00034;+01469;+02998;+00854;+01457;+02998;00004;+00001;+00000;
00034;+01468;+02998;+00854;+01457;+02998;00004;-00009;-00009;
00034;+01468;+02998;+00986;+01457;+02998;00004;-00018;-00012;
00034;+01467;+02998;+01244;+01457;+02998;00004;-00115;+00010;
00034;+01466;+02998;+01521;+01457;+02998;00004;+00290;+00279;
00034;+01465;+02997;+01862;+01457;+02998;00004;+00008;-00056;
00034;+01465;+02997;+01968;+01458;+02998;00004;+00153;-00136;
00034;+01464;+02997;+02323;+01458;+02998;00004;-00198;+00116;
00034;+01463;+02997;+02485;+01458;+02998;00004;+00155;-00117;
00034;+01462;+02996;+02733;+01458;+02998;00004;-00048;-00024;
00034;+01462;+02996;+02791;+01459;+02998;00004;-00062;+00063;
00034;+01461;+02996;+02862;+01459;+02998;00004;+00174;-00191;
00034;+01461;+02996;+02992;+01459;+02998;00004;-00019;-00016;
00034;+01460;+02996;+02999;+01459;+02998;00004;-00002;-00003;
00034;+01460;+02996;+02999;+01460;+02998;00004;+00001;+00000;
00034;+01460;+02996;+02999;+01460;+02998;00004;+00000;+00000;
00034;+01460;+02996;+02999;+01460;+02998;00004;+00008;+00006;
00034;+01460;+02996;+02999;+01460;+02998;00004;+00003;+00002;
00034;+01461;+02996;+02999;+01461;+02998;00004;+00004;+00002;
00034;+01461;+02996;+02999;+01461;+02998;00004;+00006;+00004;
00034;+01461;+02996;+02999;+01461;+02998;00004;+00006;-00003;
00034;+01461;+02996;+02996;+01461;+02998;00004;+00141;-00155;
00034;+01462;+02996;+03006;+01462;+02998;00004;+00033;-00018;
00034;+01462;+02996;+03027;+01462;+02998;00004;-00079;+00020;
00034;+01462;+02997;+03027;+01462;+02998;00004;+00001;+00002;
00034;+01463;+02997;+03027;+01462;+02998;00004;-00002;-00005;
00034;+01463;+02997;+03027;+01463;+02998;00004;+00008;+00005;
00034;+01463;+02997;+03027;+01463;+02998;00004;+00326;-00422;
00034;+01464;+02997;+03071;+01463;+02998;00004;-00002;+00003;
00034;+01464;+02997;+02997;+01464;+02998;00004;+00007;-00011;
00034;+01464;+02997;+02995;+01464;+02998;00004;+00004;+00004;
00034;+01464;+02997;+02995;+01464;+02998;00004;-00007;-00011;
00034;+01465;+02997;+02995;+01464;+02998;00004;+00008;+00006;
00034;+01465;+02997;+02995;+01465;+02998;00004;+00001;-00001;
00034;+01465;+02997;+02995;+01465;+02998;00004;-00003;-00003;
00034;+01465;+02998;+02995;+01465;+02998;00004;+00007;+00006;
00034;+01465;+02998;+02995;+01465;+02998;00004;+00009;+00005;
00034;+01466;+02998;+02995;+01466;+02998;00004;+00005;+00006;
00034;+01466;+02998;+02995;+01466;+02998;00004;+00000;-00001;
00034;+01466;+02998;+02995;+01466;+02998;00004;+00000;+00000;
00034;+01466;+02998;+02995;+01466;+02998;00004;+00007;+00007;
00034;+01467;+02998;+02995;+01467;+02998;00004;+00005;+00002;
00034;+01467;+02998;+02995;+01467;+02998;00004;+00008;+00005;
00034;+01467;+02998;+02995;+01467;+02998;00004;+00003;+00005;
00034;+01467;+02998;+02995;+01468;+02998;00004;+00002;+00001;
00034;+01468;+02998;+02995;+01468;+02998;00004;-00005;+00000;
00034;+01468;+02999;+02995;+01468;+02998;00004;+00006;+00006;
00034;+01468;+02999;+02995;+01468;+02998;00004;-00001;-00003;
00034;+01468;+02999;+02995;+01469;+02998;00004;+00000;-00002;
00034;+01469;+02999;+02995;+01469;+02998;00004;+00001;-00002;
00034;+01469;+02999;+02995;+01469;+02998;00004;-00001;-00002;
00034;+01469;+02999;+02995;+01469;+02998;00004;+00002;+00001;
00034;+01469;+02999;+02995;+01470;+02998;00004;-00001;-00003;
00034;+01470;+02999;+02995;+01470;+02998;00004;+00003;+00002;
00034;+01470;+02999;+02995;+01470;+02998;00004;-00001;+00002;
00034;+01470;+02999;+02995;+01470;+02998;00004;+00001;-00002;
00034;+01470;+02999;+02995;+01471;+02998;00004;+00004;+00005;
00034;+01470;+03000;+02995;+01471;+02998;00004;+00002;+00001;
00034;+01471;+03000;+02995;+01471;+02998;00004;-00001;-00003;
00034;+01471;+03000;+02995;+01472;+02998;00004;+00008;+00008;
00034;+01471;+03000;+02995;+01472;+02998;00004;-00001;-00002;
00034;+01471;+03000;+02995;+01472;+02998;00004;+00000;-00002;
00034;+01472;+03000;+02995;+01472;+02998;00004;+00003;+00001;
00034;+01472;+03000;+02995;+01473;+02998;00004;+00000;-00001;
00034;+01472;+03000;+02995;+01473;+02998;00004;+00003;+00004;
00034;+01472;+03000;+02995;+01473;+02998;00004;+00002;+00001;
00034;+01473;+03000;+02995;+01473;+02998;00004;+00009;-00005;
00034;+01473;+03000;+02995;+01474;+02998;00004;+00005;+00006;
00034;+01473;+03000;+02995;+01474;+02998;00004;+00003;+00002;
00034;+01473;+03001;+02995;+01474;+02998;00004;+00004;+00004;
00034;+01474;+03001;+02995;+01474;+02998;00004;+00007;+00006;
00034;+01474;+03001;+02995;+01475;+02998;00004;+00000;+00000;
00034;+01474;+03001;+02995;+01475;+02998;00004;+00000;+00000;
00034;+01474;+03001;+02995;+01475;+02998;00004;+00000;+00000;
00034;+01474;+03001;+02995;+01475;+02998;00004;+00000;+00000;
00034;+01474;+03001;+02995;+01475;+02998;00004;+00000;+00000;
00034;+01474;+03001;+02995;+01475;+02998;00004;+00000;+00000;
00034;+01474;+03001;+02995;+01475;+02998;00004;+00000;+00000;
00034;+01474;+03001;+02995;+01475;+02998;00004;+00000;+00000;
00034;+01474;+03001;+02995;+01475;+02998;00004;+00000;+00000;