00034;+00000;+00000;+00000;+00000;+00000;+00000;+00000;00000;+00000;+00000;
00034;+00000;+00000;+00000;+00000;+00000;+00000;+00000;00000;+00000;+00000;
00034;+00000;+00000;+00000;+00000;+00000;+00000;+00000;00000;+00000;+00000;
00034;+00000;+00000;+00000;+00000;+00000;+00000;+00000;00000;+00000;+00000;
00034;+00000;+00000;+00000;+00000;+00000;+03000;+00000;00003;+00000;+00000;
00034;+00000;+00000;+00000;+00000;+00000;+03000;+00000;00003;+00004;+00004;
00034;+00000;+00000;+00000;+00000;+00000;+03000;+00000;00003;+00011;+00011;
00034;+00000;+00000;+00000;+00000;+00000;+03000;+00000;00003;+00015;+00014;
00034;+00000;+00000;+00000;+00000;+00000;+03000;+00000;00003;+00013;+00013;
00034;+00001;+00000;+00000;+00001;+00000;+03000;+00000;00003;+00015;+00015;
00034;+00002;+00000;+00000;+00002;+00000;+03000;+00000;00003;+00015;+00015;
00034;+00003;+00000;+00000;+00003;+00000;+03000;+00000;00003;+00015;+00015;
00034;+00004;+00000;+00000;+00005;+00000;+03000;+00000;00003;+00016;+00017;
00034;+00006;+00000;+00000;+00006;+00000;+03000;+00000;00003;+00014;+00014;
00034;+00008;+00000;+00000;+00008;+00000;+03000;+00000;00003;+00016;+00017;
00034;+00011;+00000;+00000;+00011;+00000;+03000;+00000;00003;+00015;+00016;
00034;+00014;+00000;+00000;+00014;+00000;+03000;+00000;00003;+00017;+00016;
00034;+00017;+00000;+00000;+00017;+00000;+03000;+00000;00003;+00016;+00016;
00034;+00021;+00000;+00000;+00021;+00000;+03000;+00000;00003;+00015;+00015;
00034;+00026;+00000;+00000;+00025;+00000;+03000;+00000;00003;+00015;+00015;
00034;+00031;+00000;+00000;+00030;+00000;+03000;+00000;00003;+00016;+00016;
00034;+00036;+00000;+00000;+00036;+00000;+03000;+00000;00003;+00017;+00016;
00034;+00043;+00000;+00000;+00042;+00000;+03000;+00000;00003;+00016;+00016;
00034;+00050;+00000;+00000;+00049;+00000;+03000;+00000;00003;+00016;+00016;
00034;+00057;+00000;+00000;+00056;+00000;+03000;+00000;00003;+00016;+00016;
00034;+00066;+00000;+00000;+00065;+00000;+03000;+00000;00003;+00016;+00016;
00034;+00075;+00000;+00000;+00074;+00000;+03000;+00000;00003;+00016;+00016;
00034;+00084;+00000;+00000;+00084;+00000;+03000;+00000;00003;+00016;+00016;
00034;+00095;+00000;+00000;+00094;+00000;+03000;+00000;00003;+00016;+00016;
00034;+00105;+00000;+00000;+00105;+00000;+03000;+00000;00003;+00015;+00015;
00034;+00117;+00000;+00000;+00117;+00000;+03000;+00000;00003;+00015;+00016;
00034;+00129;+00000;+00000;+00129;+00000;+03000;+00000;00003;+00017;+00017;
00034;+00142;+00000;+00000;+00142;+00000;+03000;+00000;00003;+00016;+00016;
00034;+00155;+00000;+00000;+00155;+00000;+03000;+00000;00003;+00015;+00015;
00034;+00168;+00000;+00000;+00169;+00000;+03000;+00000;00003;+00016;+00015;
00034;+00183;+00000;+00000;+00184;+00000;+03000;+00000;00003;+00016;+00016;
00034;+00198;+00000;+00000;+00198;+00000;+03000;+00000;00003;+00014;+00014;
00034;+00212;+00000;+00000;+00214;+00000;+03000;+00000;00003;+00017;+00016;
00034;+00228;+00000;+00000;+00229;+00000;+03000;+00000;00003;+00016;+00016;
00034;+00244;+00000;+00000;+00245;+00000;+03000;+00000;00003;+00014;+00014;
00034;+00259;+00000;+00000;+00261;+00000;+03000;+00000;00003;+00013;+00013;
00034;+00276;+00000;+00000;+00278;+00000;+03000;+00000;00003;+00015;+00015;
00034;+00293;+00000;+00000;+00294;+00000;+03000;+00000;00003;+00014;+00014;
00034;+00309;+00000;+00000;+00311;+00000;+03000;+00000;00003;+00015;+00015;
00034;+00326;+00000;+00000;+00327;+00000;+03000;+00000;00003;+00015;+00015;
00034;+00343;+00000;+00000;+00345;+00000;+03000;+00000;00003;+00015;+00015;
00034;+00360;+00000;+00000;+00362;+00000;+03000;+00000;00003;+00014;+00014;
00034;+00378;+00000;+00000;+00379;+00000;+03000;+00000;00003;+00015;+00015;
00034;+00394;+00000;+00000;+00396;+00000;+03000;+00000;00003;+00014;+00014;
00034;+00412;+00000;+00000;+00413;+00000;+03000;+00000;00003;+00015;+00016;
00034;+00429;+00000;+00000;+00431;+00000;+03000;+00000;00003;+00014;+00014;
00034;+00446;+00000;+00000;+00448;+00000;+03000;+00000;00003;+00014;+00014;
00034;+00463;+00000;+00000;+00465;+00000;+03000;+00000;00003;+00015;+00015;
00034;+00481;+00000;+00000;+00483;+00000;+03000;+00000;00003;+00015;+00015;
00034;+00498;+00000;+00000;+00499;+00000;+03000;+00000;00003;+00015;+00015;
00034;+00515;+00000;+00000;+00517;+00000;+03000;+00000;00003;+00015;+00015;
00034;+00533;+00000;+00000;+00533;+00000;+03000;+00000;00003;+00015;+00015;
00034;+00549;+00000;+00000;+00551;+00000;+03000;+00000;00003;+00015;+00015;
00034;+00567;+00000;+00000;+00568;+00000;+03000;+00000;00003;+00015;+00015;
00034;+00584;+00000;+00000;+00585;+00000;+03000;+00000;00003;+00015;+00015;
00034;+00602;+00000;+00000;+00603;+00000;+03000;+00000;00003;+00014;+00014;
00034;+00618;+00000;+00000;+00619;+00000;+03000;+00000;00003;+00014;+00014;
00034;+00636;+00000;+00000;+00637;+00000;+03000;+00000;00003;+00013;+00013;
00034;+00654;+00000;+00000;+00654;+00000;+03000;+00000;00003;+00013;+00013;
00034;+00670;+00000;+00000;+00671;+00000;+03000;+00000;00003;+00012;+00012;
00034;+00688;+00000;+00000;+00688;+00000;+03000;+00000;00003;+00011;+00011;
00034;+00705;+00000;+00000;+00705;+00000;+03000;+00000;00003;+00010;+00010;
00034;+00722;+00000;+00000;+00722;+00000;+03000;+00000;00003;+00009;+00009;
00034;+00739;+00000;+00000;+00740;+00000;+03000;+00000;00003;+00008;+00008;
00034;+00757;+00000;+00000;+00757;+00000;+03000;+00000;00003;+00007;+00007;
00034;+00774;+00000;+00000;+00774;+00000;+03000;+00000;00003;+00006;+00006;
00034;+00791;+00000;+00000;+00791;+00000;+03000;+00000;00003;+00004;+00004;
00034;+00809;+00000;+00000;+00808;+00000;+03000;+00000;00003;+00003;+00003;
00034;+00825;+00000;+00000;+00826;+00000;+03000;+00000;00003;+00001;+00001;
00034;+00843;+00000;+00000;+00842;+00000;+03000;+00000;00003;+00000;+00000;
00034;+00860;+00000;+00000;+00860;+00000;+03000;+00000;00003;-00001;-00001;
00034;+00877;+00000;+00000;+00878;+00000;+03000;+00000;00003;-00003;-00003;
00034;+00895;+00000;+00000;+00894;+00000;+03000;+00000;00003;-00005;-00005;
00034;+00912;+00000;+00000;+00912;+00000;+03000;+00000;00003;-00007;-00007;
00034;+00930;+00000;+00000;+00928;+00000;+03000;+00000;00003;-00009;-00009;
00034;+00946;+00000;+00000;+00946;+00000;+03000;+00000;00003;-00012;-00012;
00034;+00964;+00000;+00000;+00964;+00000;+03000;+00000;00003;-00014;-00014;
00034;+00982;+00000;+00000;+00980;+00000;+03000;+00000;00003;-00012;-00013;
00034;+00998;+00000;+00000;+00998;+00000;+03000;+00000;00003;-00013;-00013;
00034;+01016;+00000;+00000;+01015;+00000;+03000;+00000;00003;-00014;-00014;
00034;+01033;+00000;+00000;+01032;+00000;+03000;+00000;00003;-00014;-00014;
00034;+01050;+00000;+00000;+01050;+00000;+03000;+00000;00003;-00015;-00015;
00034;+01067;+00000;+00000;+01067;+00000;+03000;+00000;00003;-00011;-00011;
00034;+01085;+00000;+00000;+01084;+00000;+03000;+00000;00003;-00010;-00010;
00034;+01101;+00000;+00000;+01101;+00000;+03000;+00000;00003;-00009;-00009;
00034;+01119;+00000;+00000;+01118;+00000;+03000;+00000;00003;-00008;-00008;
00034;+01135;+00000;+00000;+01136;+00000;+03000;+00000;00003;-00006;-00006;
00034;+01152;+00000;+00000;+01153;+00000;+03000;+00000;00003;-00004;-00004;
00034;+01170;+00000;+00000;+01170;+00000;+03000;+00000;00003;-00002;-00002;
00034;+01186;+00000;+00000;+01187;+00000;+03000;+00000;00003;+00000;+00000;
00034;+01204;+00000;+00000;+01204;+00000;+03000;+00000;00003;+00002;+00002;
00034;+01220;+00000;+00000;+01222;+00000;+03000;+00000;00003;+00005;+00005;
00034;+01237;+00000;+00000;+01238;+00000;+03000;+00000;00003;+00008;+00008;
00034;+01254;+00000;+00000;+01256;+00000;+03000;+00000;00003;+00011;+00011;
00034;+01271;+00000;+00000;+01273;+00000;+03000;+00000;00003;+00015;+00015;
00034;+01288;+00000;+00000;+01290;+00000;+03000;+00000;00003;+00015;+00015;
00034;+01305;+00000;+00000;+01307;+00000;+03000;+00000;00003;+00015;+00015;
00034;+01322;+00000;+00000;+01324;+00000;+03000;+00000;00003;+00015;+00015;
00034;+01340;+00000;+00000;+01342;+00000;+03000;+00000;00003;+00014;+00014;
00034;+01356;+00000;+00000;+01359;+00000;+03000;+00000;00003;+00014;+00014;
00034;+01374;+00000;+00000;+01376;+00000;+03000;+00000;00003;+00014;+00014;
00034;+01392;+00000;+00000;+01393;+00000;+03000;+00000;00003;+00014;+00014;
00034;+01409;+00000;+00000;+01410;+00000;+03000;+00000;00003;+00014;+00014;
00034;+01426;+00000;+00000;+01427;+00000;+03000;+00000;00003;+00014;+00014;
00034;+01443;+00000;+00000;+01445;+00000;+03000;+00000;00003;+00014;+00014;
00034;+01461;+00000;+00000;+01462;+00000;+03000;+00000;00003;+00013;+00013;
00034;+01477;+00000;+00000;+01479;+00000;+03000;+00000;00003;+00013;+00013;
00034;+01495;+00000;+00000;+01496;+00000;+03000;+00000;00003;+00012;+00012;
00034;+01513;+00000;+00000;+01513;+00000;+03000;+00000;00003;+00011;+00011;
00034;+01530;+00000;+00000;+01531;+00000;+03000;+00000;00003;+00010;+00010;
00034;+01547;+00000;+00000;+01547;+00000;+03000;+00000;00003;+00009;+00009;
00034;+01564;+00000;+00000;+01565;+00000;+03000;+00000;00003;+00008;+00008;
00034;+01582;+00000;+00000;+01582;+00000;+03000;+00000;00003;+00006;+00006;
00034;+01598;+00000;+00000;+01599;+00000;+03000;+00000;00003;+00005;+00005;
00034;+01616;+00000;+00000;+01617;+00000;+03000;+00000;00003;+00003;+00003;
00034;+01634;+00000;+00000;+01633;+00000;+03000;+00000;00003;+00002;+00001;
00034;+01651;+00000;+00000;+01651;+00000;+03000;+00000;00003;+00000;+00000;
00034;+01668;+00000;+00000;+01668;+00000;+03000;+00000;00003;-00002;-00002;
00034;+01685;+00000;+00000;+01685;+00000;+03000;+00000;00003;-00004;-00004;
00034;+01703;+00000;+00000;+01703;+00000;+03000;+00000;00003;-00006;-00006;
00034;+01720;+00000;+00000;+01719;+00000;+03000;+00000;00003;-00009;-00009;
00034;+01737;+00000;+00000;+01737;+00000;+03000;+00000;00003;-00011;-00011;
00034;+01755;+00000;+00000;+01755;+00000;+03000;+00000;00003;-00014;-00014;
00034;+01773;+00000;+00000;+01771;+00000;+03000;+00000;00003;-00012;-00012;
00034;+01789;+00000;+00000;+01789;+00000;+03000;+00000;00003;-00013;-00013;
00034;+01807;+00000;+00000;+01805;+00000;+03000;+00000;00003;-00015;-00015;
00034;+01823;+00000;+00000;+01823;+00000;+03000;+00000;00003;-00014;-00014;
00034;+01841;+00000;+00000;+01841;+00000;+03000;+00000;00003;-00014;-00014;
00034;+01858;+00000;+00000;+01857;+00000;+03000;+00000;00003;-00014;-00014;
00034;+01875;+00000;+00000;+01875;+00000;+03000;+00000;00003;-00015;-00015;
00034;+01892;+00000;+00000;+01892;+00000;+03000;+00000;00003;-00015;-00015;
00034;+01910;+00000;+00000;+01909;+00000;+03000;+00000;00003;-00015;-00015;
00034;+01926;+00000;+00000;+01927;+00000;+03000;+00000;00003;-00015;-00015;
00034;+01944;+00000;+00000;+01944;+00000;+03000;+00000;00003;-00015;-00015;
00034;+01961;+00000;+00000;+01961;+00000;+03000;+00000;00003;-00014;-00014;
00034;+01978;+00000;+00000;+01978;+00000;+03000;+00000;00003;-00014;-00014;
00034;+01995;+00000;+00000;+01995;+00000;+03000;+00000;00003;-00014;-00014;
00034;+02012;+00000;+00000;+02013;+00000;+03000;+00000;00003;-00013;-00013;
00034;+02030;+00000;+00000;+02030;+00000;+03000;+00000;00003;-00012;-00012;
00034;+02047;+00000;+00000;+02047;+00000;+03000;+00000;00003;-00011;-00011;
00034;+02064;+00000;+00000;+02065;+00000;+03000;+00000;00003;-00010;-00010;
00034;+02081;+00000;+00000;+02082;+00000;+03000;+00000;00003;-00009;-00009;
00034;+02098;+00000;+00000;+02099;+00000;+03000;+00000;00003;-00008;-00008;
00034;+02115;+00000;+00000;+02116;+00000;+03000;+00000;00003;-00007;-00007;
00034;+02133;+00000;+00000;+02133;+00000;+03000;+00000;00003;-00006;-00005;
00034;+02149;+00000;+00000;+02151;+00000;+03000;+00000;00003;-00004;-00004;
00034;+02167;+00000;+00000;+02168;+00000;+03000;+00000;00003;-00002;-00002;
00034;+02183;+00000;+00000;+02185;+00000;+03000;+00000;00003;-00001;-00001;
00034;+02201;+00000;+00000;+02202;+00000;+03000;+00000;00003;+00000;+00000;
00034;+02218;+00000;+00000;+02219;+00000;+03000;+00000;00003;+00002;+00002;
00034;+02235;+00000;+00000;+02237;+00000;+03000;+00000;00003;+00004;+00004;
00034;+02252;+00000;+00000;+02253;+00000;+03000;+00000;00003;+00006;+00006;
00034;+02269;+00000;+00000;+02271;+00000;+03000;+00000;00003;+00009;+00008;
00034;+02286;+00000;+00000;+02287;+00000;+03000;+00000;00003;+00011;+00011;
00034;+02303;+00000;+00000;+02305;+00000;+03000;+00000;00003;+00013;+00013;
00034;+02320;+00000;+00000;+02322;+00000;+03000;+00000;00003;+00015;+00014;
00034;+02337;+00000;+00000;+02339;+00000;+03000;+00000;00003;+00015;+00015;
00034;+02355;+00000;+00000;+02357;+00000;+04000;+01200;00002;+00011;+00009;
00034;+02372;+00000;+00000;+02374;+00000;+04000;+01200;00002;+00008;+00007;
00034;+02390;+00000;+00000;+02392;+00000;+04000;+01200;00002;+00003;+00002;
00034;+02408;+00000;+00000;+02409;+00000;+04000;+01200;00002;-00003;-00005;
00034;+02426;+00000;+00000;+02427;+00000;+04000;+01200;00002;-00014;-00015;
00034;+02443;+00000;+00003;+02444;+00000;+04000;+01200;00002;-00016;-00012;
00034;+02460;+00000;+00008;+02461;+00000;+04000;+01200;00002;-00014;-00014;
00034;+02477;+00000;+00008;+02478;+00000;+04000;+01200;00002;-00016;-00016;
00034;+02494;+00000;+00008;+02494;+00000;+04000;+01200;00002;-00015;-00015;
00034;+02510;+00000;+00008;+02510;+00000;+04000;+01200;00002;-00016;-00015;
00034;+02526;+00000;+00006;+02526;+00000;+04000;+01200;00002;-00014;-00014;
00034;+02541;+00000;+00006;+02541;+00000;+04000;+01200;00002;-00015;-00015;
00034;+02556;+00000;+00003;+02556;+00000;+04000;+01200;00002;-00016;-00016;
00034;+02570;+00000;+00003;+02571;+00000;+04000;+01200;00002;-00015;-00016;
00034;+02584;+00000;+00003;+02585;+00000;+04000;+01200;00002;-00016;-00016;
00034;+02598;+00000;+00003;+02599;+00000;+04000;+01200;00002;-00015;-00015;
00034;+02612;+00000;+00003;+02612;+00000;+04000;+01200;00002;-00014;-00014;
00034;+02625;+00000;+00003;+02625;+00000;+04000;+01200;00002;-00014;-00015;
00034;+02638;+00000;+00003;+02638;+00000;+04000;+01200;00002;-00015;-00015;
00034;+02650;+00000;+00003;+02651;+00000;+04000;+01200;00002;-00014;-00014;
00034;+02663;+00000;+00003;+02663;+00000;+04000;+01200;00002;-00015;-00015;
00034;+02676;+00000;+00003;+02675;+00000;+04000;+01200;00002;-00014;-00014;
00034;+02688;+00000;+00003;+02687;+00000;+04000;+01200;00002;-00014;-00014;
00034;+02699;+00000;+00003;+02699;+00000;+04000;+01200;00002;-00013;-00013;
00034;+02711;+00000;+00012;+02711;+00000;+04000;+01200;00001;+00030;-00035;
00034;+02723;+00000;+00094;+02722;+00000;+04000;+01200;00001;+00033;-00031;
00034;+02734;+00000;+00247;+02734;+00000;+04000;+01200;00001;+00003;+00001;
00034;+02746;+00000;+00409;+02746;+00000;+04000;+01200;00001;+00010;-00004;
00034;+02757;+00001;+00571;+02757;+00001;+04000;+01200;00001;+00007;+00004;
00034;+02768;+00002;+00733;+02769;+00002;+04000;+01200;00001;+00015;+00000;
00034;+02780;+00003;+00895;+02781;+00003;+04000;+01200;00001;+00009;+00006;
00034;+02791;+00004;+01059;+02792;+00005;+04000;+01200;00001;+00006;+00010;
00034;+02803;+00006;+01239;+02804;+00006;+04000;+01200;00001;+00008;+00013;
00034;+02814;+00008;+01411;+02815;+00008;+04000;+01200;00001;+00010;+00012;
00034;+02826;+00010;+01582;+02826;+00010;+04000;+01200;00001;+00006;+00016;
00034;+02837;+00012;+01744;+02838;+00013;+04000;+01200;00001;+00010;+00009;
00034;+02848;+00015;+01906;+02849;+00015;+04000;+01200;00001;+00014;+00005;
00034;+02859;+00018;+02068;+02861;+00018;+04000;+01200;00001;+00009;+00009;
00034;+02871;+00021;+02230;+02872;+00021;+04000;+01200;00001;+00009;+00010;
00034;+02882;+00024;+02392;+02883;+00024;+04000;+01200;00001;+00010;+00007;
00034;+02893;+00027;+02554;+02894;+00028;+04000;+01200;00001;+00013;+00000;
00034;+02905;+00031;+02717;+02905;+00032;+04000;+01200;00001;+00014;+00001;
00034;+02916;+00035;+02897;+02916;+00036;+04000;+01200;00001;+00006;+00007;
00034;+02927;+00039;+03077;+02927;+00040;+04000;+01200;00001;+00001;+00009;
00034;+02938;+00044;+03257;+02938;+00044;+04000;+01200;00001;-00001;+00009;
00034;+02949;+00048;+03437;+02949;+00049;+04000;+01200;00001;+00000;+00007;
00034;+02959;+00053;+03617;+02960;+00054;+04000;+01200;00001;-00006;+00009;
00034;+02970;+00058;+03797;+02970;+00059;+04000;+01200;00001;-00008;+00008;
00034;+02980;+00064;+03977;+02981;+00064;+04000;+01200;00001;-00010;+00008;
00034;+02991;+00069;+04157;+02991;+00070;+04000;+01200;00001;+00000;-00002;
00034;+03001;+00075;+04317;+03001;+00075;+04000;+01200;00001;-00010;+00002;
00034;+03011;+00081;+04479;+03011;+00081;+04000;+01200;00001;-00010;-00001;
00034;+03021;+00088;+04641;+03021;+00087;+04000;+01200;00001;-00010;-00004;
00034;+03031;+00094;+04803;+03031;+00094;+04000;+01200;00001;-00012;-00005;
00034;+03041;+00101;+04965;+03041;+00100;+04000;+01200;00001;-00008;-00007;
00034;+03050;+00107;+05127;+03050;+00107;+04000;+01200;00001;-00012;-00005;
00034;+03060;+00114;+05289;+03059;+00114;+04000;+01200;00001;-00010;-00005;
00034;+03069;+00121;+05451;+03069;+00121;+04000;+01200;00001;-00010;-00005;
00034;+03078;+00129;+05613;+03078;+00128;+04000;+01200;00001;-00011;-00004;
00034;+03087;+00136;+05775;+03087;+00136;+04000;+01200;00001;-00012;-00006;
00034;+03096;+00144;+05937;+03096;+00143;+04000;+01200;00001;-00010;-00005;
00034;+03105;+00152;+06099;+03105;+00151;+04000;+01200;00001;-00010;-00005;
00034;+03113;+00160;+06261;+03113;+00159;+04000;+01200;00001;-00009;+00001;
00034;+03121;+00168;+06423;+03121;+00167;+04000;+01200;00001;+00000;-00007;
00034;+03129;+00175;+06585;+03130;+00175;+04000;+01200;00001;-00008;-00003;
00034;+03137;+00184;+06747;+03138;+00184;+04000;+01200;00001;-00007;-00004;
00034;+03145;+00193;+06909;+03146;+00192;+04000;+01200;00001;-00006;+00002;
00034;+03152;+00201;+07059;+03153;+00201;+04000;+01200;00001;-00031;+00031;
00034;+03160;+00210;+07160;+03160;+00210;+04000;+01200;00001;-00037;+00037;
00034;+03167;+00219;+07175;+03168;+00219;+04000;+01200;00003;+00015;-00017;
00034;+03175;+00228;+07157;+03175;+00228;+04000;+01200;00003;+00006;+00001;
00034;+03182;+00237;+07139;+03183;+00237;+04000;+01200;00003;+00012;-00001;
00034;+03189;+00246;+07137;+03191;+00246;+04000;+01200;00003;+00006;+00013;
00034;+03197;+00254;+07129;+03198;+00255;+04000;+01200;00003;+00006;+00012;
00034;+03205;+00264;+07129;+03206;+00264;+04000;+01200;00003;-00007;+00030;
00034;+03213;+00273;+07126;+03214;+00274;+04000;+01200;00003;+00015;+00013;
00034;+03221;+00282;+07126;+03222;+00283;+04000;+01200;00003;+00019;+00000;
00034;+03229;+00292;+07126;+03230;+00293;+04000;+01200;00003;+00014;+00007;
00034;+03238;+00302;+07126;+03238;+00303;+04000;+01200;00003;+00012;+00020;
00034;+03246;+00313;+07128;+03247;+00313;+04000;+01200;00003;+00013;+00011;
00034;+03255;+00323;+07139;+03255;+00323;+04000;+01200;00003;+00014;+00014;
00034;+03264;+00334;+07142;+03264;+00334;+04000;+01200;00003;+00020;+00012;
00034;+03273;+00345;+07148;+03274;+00345;+04000;+01200;00003;+00018;+00008;
00034;+03283;+00356;+07152;+03283;+00357;+04000;+01200;00003;+00014;+00007;
00034;+03293;+00368;+07153;+03293;+00368;+04000;+01200;00003;+00000;+00021;
00034;+03303;+00380;+07155;+03303;+00380;+04000;+01200;00003;+00010;+00020;
00034;+03313;+00392;+07156;+03314;+00393;+04000;+01200;00003;+00017;+00012;
00034;+03324;+00405;+07162;+03324;+00405;+04000;+01200;00003;+00015;+00006;
00034;+03334;+00418;+07162;+03334;+00418;+04000;+01200;00003;+00016;+00008;
00034;+03345;+00430;+07162;+03345;+00431;+04000;+01200;00003;+00017;+00007;
00034;+03356;+00443;+07162;+03356;+00444;+04000;+01200;00003;+00011;+00017;
00034;+03366;+00457;+07162;+03367;+00457;+04000;+01200;00003;+00000;+00018;
00034;+03377;+00470;+07162;+03378;+00470;+04000;+01200;00003;+00007;+00012;
00034;+03389;+00483;+07162;+03390;+00484;+04000;+01200;00003;+00000;+00012;
00034;+03400;+00496;+07162;+03401;+00497;+04000;+01200;00003;+00013;+00006;
00034;+03411;+00509;+07162;+03412;+00511;+04000;+01200;00003;+00013;+00009;
00034;+03422;+00523;+07162;+03423;+00524;+04000;+01200;00003;+00016;+00004;
00034;+03434;+00536;+07162;+03434;+00538;+04000;+01200;00003;+00004;+00000;
00034;+03445;+00550;+07162;+03446;+00550;+03000;+02400;00002;+00000;+00005;
00034;+03456;+00564;+07162;+03457;+00564;+03000;+02400;00002;-00001;+00003;
00034;+03468;+00577;+07162;+03468;+00578;+03000;+02400;00002;-00006;-00001;
00034;+03479;+00591;+07162;+03480;+00591;+03000;+02400;00002;-00013;-00009;
00034;+03491;+00604;+07162;+03491;+00605;+03000;+02400;00002;-00014;-00010;
00034;+03502;+00618;+07150;+03502;+00618;+03000;+02400;00002;-00011;-00015;
00034;+03513;+00631;+07146;+03513;+00631;+03000;+02400;00002;-00013;-00016;
00034;+03524;+00644;+07139;+03524;+00644;+03000;+02400;00002;-00014;-00013;
00034;+03534;+00657;+07134;+03535;+00656;+03000;+02400;00002;-00014;-00014;
00034;+03545;+00669;+07129;+03545;+00669;+03000;+02400;00002;-00014;-00013;
00034;+03555;+00682;+07129;+03555;+00682;+03000;+02400;00002;-00015;-00014;
00034;+03565;+00693;+07129;+03565;+00694;+03000;+02400;00002;-00015;-00016;
00034;+03575;+00705;+07129;+03575;+00705;+03000;+02400;00002;-00017;-00015;
00034;+03585;+00716;+07129;+03585;+00717;+03000;+02400;00002;-00013;-00016;
00034;+03594;+00727;+07129;+03594;+00728;+03000;+02400;00002;-00011;-00015;
00034;+03603;+00738;+07129;+03603;+00738;+03000;+02400;00002;-00014;-00017;
00034;+03611;+00748;+07136;+03612;+00749;+03000;+02400;00002;-00017;-00014;
00034;+03620;+00759;+07140;+03621;+00759;+03000;+02400;00002;-00017;-00012;
00034;+03628;+00769;+07143;+03629;+00769;+03000;+02400;00002;-00017;-00011;
00034;+03637;+00778;+07143;+03637;+00778;+03000;+02400;00002;-00013;-00014;
00034;+03645;+00788;+07143;+03645;+00788;+03000;+02400;00002;-00013;-00013;
00034;+03653;+00797;+07143;+03653;+00798;+03000;+02400;00002;-00013;-00014;
00034;+03661;+00807;+07143;+03660;+00807;+03000;+02400;00002;-00014;-00014;
00034;+03668;+00816;+07143;+03668;+00816;+03000;+02400;00002;-00013;-00013;
00034;+03676;+00825;+07143;+03676;+00825;+03000;+02400;00001;+00020;-00046;
00034;+03683;+00834;+07184;+03683;+00834;+03000;+02400;00001;+00038;-00034;
00034;+03691;+00843;+07315;+03691;+00843;+03000;+02400;00001;+00013;-00010;
00034;+03698;+00852;+07477;+03698;+00852;+03000;+02400;00001;+00006;+00000;
00034;+03704;+00861;+07639;+03705;+00861;+03000;+02400;00001;+00009;-00002;
00034;+03711;+00870;+07801;+03712;+00871;+03000;+02400;00001;+00013;-00003;
00034;+03718;+00879;+07963;+03718;+00880;+03000;+02400;00001;+00013;+00001;
00034;+03724;+00889;+08116;+03725;+00890;+03000;+02400;00001;+00016;+00003;
00034;+03731;+00899;+08282;+03731;+00900;+03000;+02400;00001;+00010;+00004;
00034;+03737;+00909;+08462;+03737;+00910;+03000;+02400;00001;+00010;+00005;
00034;+03743;+00919;+08642;+03743;+00919;+03000;+02400;00001;+00007;+00010;
00034;+03748;+00929;+08822;+03748;+00930;+03000;+02400;00001;+00005;+00013;
00034;+03753;+00939;+09002;+03754;+00940;+03000;+02400;00001;+00010;+00011;
00034;+03759;+00949;+09167;+03759;+00951;+03000;+02400;00001;+00014;+00006;
00034;+03764;+00960;+09329;+03764;+00961;+03000;+02400;00001;+00015;+00007;
00034;+03768;+00971;+09482;+03769;+00972;+03000;+02400;00001;+00017;+00006;
00034;+03773;+00981;+09662;+03773;+00983;+03000;+02400;00001;+00010;+00008;
00034;+03777;+00992;+09842;+03778;+00994;+03000;+02400;00001;+00003;+00015;
00034;+03782;+01003;+10010;+03781;+01005;+03000;+02400;00001;+00000;+00010;
00034;+03786;+01015;+10172;+03785;+01016;+03000;+02400;00001;+00006;+00000;
00034;+03789;+01026;+10334;+03789;+01026;+03000;+02400;00001;+00006;+00000;
00034;+03793;+01037;+10496;+03793;+01037;+03000;+02400;00001;+00000;+00003;
00034;+03796;+01048;+10658;+03796;+01048;+03000;+02400;00001;+00000;+00000;
00034;+03799;+01059;+10811;+03799;+01060;+03000;+02400;00001;+00006;-00008;
00034;+03802;+01071;+10973;+03801;+01071;+03000;+02400;00001;-00003;-00004;
00034;+03804;+01083;+11135;+03804;+01083;+03000;+02400;00001;+00003;-00015;
00034;+03807;+01094;+11303;+03806;+01093;+03000;+02400;00001;-00005;-00008;
00034;+03809;+01106;+11483;+03808;+01105;+03000;+02400;00001;-00007;-00011;
00034;+03811;+01117;+11657;+03810;+01117;+03000;+02400;00001;-00008;-00008;
00034;+03812;+01129;+11837;+03812;+01128;+03000;+02400;00001;-00010;-00009;
00034;+03814;+01141;+12017;+03813;+01140;+03000;+02400;00001;-00012;-00010;
00034;+03815;+01152;+12183;+03814;+01151;+03000;+02400;00001;-00006;-00010;
00034;+03816;+01163;+12359;+03815;+01163;+03000;+02400;00001;-00012;-00005;
00034;+03816;+01175;+12529;+03816;+01175;+03000;+02400;00001;-00014;-00004;
00034;+03816;+01187;+12709;+03816;+01186;+03000;+02400;00001;-00014;-00002;
00034;+03817;+01198;+12876;+03817;+01198;+03000;+02400;00001;-00008;+00000;
00034;+03816;+01210;+13038;+03817;+01210;+03000;+02400;00001;-00009;-00001;
00034;+03816;+01221;+13200;+03816;+01221;+03000;+02400;00001;-00001;+00000;
00034;+03816;+01233;+13362;+03816;+01233;+03000;+02400;00001;-00009;+00005;
00034;+03815;+01244;+13524;+03815;+01244;+03000;+02400;00001;+00000;+00000;
00034;+03814;+01255;+13686;+03814;+01256;+03000;+02400;00001;-00007;+00010;
00034;+03812;+01267;+13848;+03813;+01268;+03000;+02400;00001;-00003;+00011;
00034;+03811;+01278;+14010;+03811;+01279;+03000;+02400;00001;+00000;+00011;
00034;+03809;+01290;+14163;+03810;+01291;+03000;+02400;00001;-00004;+00016;
00034;+03807;+01301;+14325;+03808;+01302;+03000;+02400;00001;-00004;+00015;
00034;+03805;+01313;+14487;+03806;+01314;+03000;+02400;00001;-00001;+00012;
00034;+03803;+01324;+14649;+03803;+01325;+03000;+02400;00001;+00000;+00010;
00034;+03800;+01336;+14811;+03801;+01337;+03000;+02400;00001;+00000;+00012;
00034;+03797;+01347;+14973;+03798;+01348;+03000;+02400;00001;-00006;+00015;
00034;+03794;+01358;+15135;+03795;+01359;+03000;+02400;00001;-00004;+00012;
00034;+03791;+01370;+15297;+03792;+01370;+03000;+02400;00001;+00002;+00009;
00034;+03787;+01381;+15459;+03788;+01381;+03000;+02400;00001;-00001;+00008;
00034;+03784;+01391;+15621;+03784;+01392;+03000;+02400;00001;+00001;+00008;
00034;+03780;+01402;+15783;+03780;+01403;+03000;+02400;00001;-00004;+00012;
00034;+03775;+01413;+15945;+03776;+01414;+03000;+02400;00001;+00000;+00008;
00034;+03771;+01424;+16098;+03772;+01425;+03000;+02400;00001;+00002;+00005;
00034;+03766;+01435;+16260;+03767;+01436;+03000;+02400;00001;+00000;+00000;
00034;+03762;+01446;+16422;+03762;+01447;+03000;+02400;00001;+00000;+00003;
00034;+03757;+01456;+16584;+03757;+01457;+03000;+02400;00001;+00003;-00002;
00034;+03751;+01467;+16746;+03752;+01467;+03000;+02400;00001;+00000;+00000;
00034;+03746;+01477;+16908;+03747;+01477;+03000;+02400;00001;-00002;+00000;
00034;+03740;+01488;+17070;+03741;+01488;+03000;+02400;00001;-00002;-00004;
00034;+03735;+01498;+17232;+03735;+01498;+03000;+02400;00001;-00002;-00006;
00034;+03728;+01507;+17394;+03729;+01508;+03000;+02400;00001;-00002;-00007;
00034;+03722;+01517;+17556;+03723;+01518;+03000;+02400;00001;-00001;-00011;
00034;+03716;+01527;+17718;+03716;+01527;+03000;+02400;00001;-00001;-00015;
00034;+03709;+01537;+17880;+03709;+01537;+03000;+02400;00001;+00001;-00014;
00034;+03702;+01546;+18042;+03702;+01546;+03000;+02400;00001;+00003;-00015;
00034;+03695;+01556;+18195;+03695;+01556;+03000;+02400;00001;+00004;-00010;
00034;+03688;+01565;+18357;+03688;+01565;+03000;+02400;00001;-00025;+00021;
00034;+03681;+01574;+18504;+03681;+01574;+03000;+02400;00001;-00037;+00039;
00034;+03674;+01583;+18579;+03673;+01583;+03000;+02400;00003;-00035;+00037;
00034;+03666;+01591;+18597;+03666;+01592;+03000;+02400;00003;-00006;+00012;
00034;+03659;+01600;+18615;+03658;+01601;+03000;+02400;00003;+00003;+00008;
00034;+03651;+01609;+18631;+03651;+01610;+03000;+02400;00003;+00006;-00003;
00034;+03643;+01618;+18631;+03643;+01619;+03000;+02400;00003;+00008;-00002;
00034;+03636;+01628;+18631;+03635;+01628;+03000;+02400;00003;+00009;+00015;
00034;+03628;+01637;+18631;+03628;+01637;+03000;+02400;00003;+00006;+00019;
00034;+03620;+01646;+18631;+03620;+01647;+03000;+02400;00003;+00004;+00010;
00034;+03612;+01656;+18620;+03611;+01656;+03000;+02400;00003;+00023;-00004;
00034;+03603;+01666;+18603;+03603;+01666;+03000;+02400;00003;-00007;+00032;
00034;+03595;+01676;+18591;+03595;+01677;+03000;+02400;00003;+00020;-00002;
00034;+03586;+01687;+18581;+03586;+01687;+03000;+02400;00003;+00026;-00005;
00034;+03577;+01697;+18570;+03577;+01698;+03000;+02400;00003;+00019;+00008;
00034;+03568;+01708;+18561;+03567;+01709;+03000;+02400;00003;+00028;-00009;
00034;+03558;+01720;+18556;+03558;+01720;+03000;+02400;00003;+00025;+00005;
00034;+03548;+01731;+18556;+03548;+01732;+03000;+02400;00003;+00016;+00013;
00034;+03538;+01743;+18556;+03538;+01744;+03000;+02400;00003;+00015;+00016;
00034;+03528;+01756;+18552;+03528;+01756;+03000;+02400;00003;+00013;+00012;
00034;+03518;+01768;+18551;+03517;+01769;+03000;+02400;00003;+00021;-00006;
00034;+03507;+01781;+18551;+03507;+01782;+03000;+02400;00003;+00011;+00010;
00034;+03496;+01794;+18551;+03496;+01795;+03000;+02400;00003;+00013;+00013;
00034;+03485;+01807;+18551;+03485;+01808;+03000;+02400;00003;+00020;+00000;
00034;+03474;+01820;+18551;+03474;+01820;+03000;+02400;00003;+00009;+00006;
00034;+03463;+01834;+18551;+03463;+01834;+03000;+02400;00003;+00008;+00000;
00034;+03453;+01847;+18551;+03452;+01847;+03000;+02400;00003;-00014;+00017;
00034;+03441;+01861;+18551;+03441;+01861;+03000;+02400;00003;+00002;+00001;
00034;+03430;+01874;+18551;+03430;+01874;+03000;+02400;00003;-00023;+00019;
00034;+03419;+01887;+18547;+03418;+01888;+03000;+02400;00003;+00001;+00001;
00034;+03408;+01900;+18547;+03407;+01901;+01000;+02400;00002;+00000;+00000;
00034;+03396;+01914;+18547;+03396;+01915;+01000;+02400;00002;-00001;-00001;
00034;+03385;+01928;+18547;+03385;+01928;+01000;+02400;00002;-00005;-00006;
00034;+03374;+01941;+18547;+03373;+01942;+01000;+02400;00002;-00012;-00012;
00034;+03363;+01954;+18547;+03362;+01955;+01000;+02400;00002;-00011;-00016;
00034;+03352;+01968;+18544;+03351;+01968;+01000;+02400;00002;-00010;-00016;
00034;+03341;+01982;+18544;+03340;+01981;+01000;+02400;00002;-00014;-00015;
00034;+03330;+01994;+18544;+03330;+01994;+01000;+02400;00002;-00015;-00015;
00034;+03319;+02007;+18544;+03319;+02007;+01000;+02400;00002;-00014;-00018;
00034;+03309;+02019;+18544;+03309;+02019;+01000;+02400;00002;-00017;-00012;
00034;+03299;+02031;+18544;+03299;+02032;+01000;+02400;00002;-00014;-00013;
00034;+03289;+02043;+18544;+03289;+02044;+01000;+02400;00002;-00014;-00015;
00034;+03279;+02055;+18551;+03279;+02056;+01000;+02400;00002;-00016;-00016;
00034;+03270;+02066;+18554;+03269;+02067;+01000;+02400;00002;-00016;-00016;
00034;+03261;+02077;+18554;+03260;+02078;+01000;+02400;00002;-00015;-00015;
00034;+03252;+02087;+18554;+03252;+02088;+01000;+02400;00002;-00016;-00014;
00034;+03244;+02098;+18554;+03243;+02099;+01000;+02400;00002;-00014;-00012;
00034;+03235;+02108;+18554;+03235;+02109;+01000;+02400;00002;-00009;-00016;
00034;+03227;+02118;+18554;+03226;+02118;+01000;+02400;00002;-00016;-00015;
00034;+03219;+02128;+18554;+03218;+02128;+01000;+02400;00002;-00015;-00015;
00034;+03211;+02138;+18554;+03211;+02137;+01000;+02400;00002;-00019;-00012;
00034;+03203;+02147;+18554;+03203;+02147;+01000;+02400;00002;-00014;-00014;
00034;+03195;+02156;+18554;+03195;+02156;+01000;+02400;00002;-00015;-00013;
00034;+03187;+02165;+18554;+03188;+02166;+01000;+02400;00002;-00016;-00014;
00034;+03180;+02174;+18555;+03180;+02175;+01000;+02400;00001;+00038;-00046;
00034;+03172;+02183;+18614;+03173;+02183;+01000;+02400;00001;+00040;-00040;
00034;+03165;+02192;+18760;+03165;+02192;+01000;+02400;00001;+00006;+00000;
00034;+03158;+02201;+18922;+03157;+02201;+01000;+02400;00001;+00011;-00003;
00034;+03150;+02209;+19084;+03149;+02209;+01000;+02400;00001;+00014;+00003;
00034;+03142;+02217;+19246;+03141;+02217;+01000;+02400;00001;+00011;+00000;
00034;+03133;+02225;+19399;+03132;+02226;+01000;+02400;00001;+00013;+00000;
00034;+03125;+02233;+19561;+03124;+02234;+01000;+02400;00001;+00014;-00009;
00034;+03116;+02241;+19723;+03116;+02241;+01000;+02400;00001;+00013;-00010;
00034;+03107;+02249;+19896;+03107;+02249;+01000;+02400;00001;+00006;-00008;
00034;+03099;+02257;+20076;+03098;+02256;+01000;+02400;00001;+00005;-00009;
00034;+03090;+02264;+20256;+03089;+02264;+01000;+02400;00001;+00003;-00009;
00034;+03080;+02271;+20436;+03079;+02271;+01000;+02400;00001;+00006;-00014;
00034;+03071;+02278;+20606;+03070;+02278;+01000;+02400;00001;+00002;-00014;
00034;+03061;+02285;+20786;+03061;+02284;+01000;+02400;00001;-00004;-00011;
00034;+03051;+02291;+20966;+03051;+02291;+01000;+02400;00001;-00005;-00008;
00034;+03042;+02298;+21146;+03041;+02297;+01000;+02400;00001;-00005;-00009;
00034;+03032;+02304;+21326;+03031;+02303;+01000;+02400;00001;-00006;-00013;
00034;+03022;+02310;+21506;+03021;+02309;+01000;+02400;00001;-00007;-00014;
00034;+03011;+02315;+21686;+03011;+02315;+01000;+02400;00001;-00011;-00014;
00034;+03001;+02321;+21853;+03001;+02320;+01000;+02400;00001;-00015;-00006;
00034;+02991;+02326;+22023;+02990;+02325;+01000;+02400;00001;-00006;-00010;
00034;+02980;+02331;+22185;+02980;+02331;+01000;+02400;00001;-00009;-00008;
00034;+02969;+02336;+22347;+02970;+02335;+01000;+02400;00001;-00009;-00009;
00034;+02959;+02340;+22509;+02959;+02340;+01000;+02400;00001;-00007;-00008;
00034;+02948;+02345;+22671;+02948;+02344;+01000;+02400;00001;-00007;-00008;
00034;+02938;+02349;+22833;+02937;+02349;+01000;+02400;00001;-00006;-00010;
00034;+02927;+02353;+22995;+02926;+02353;+01000;+02400;00001;-00010;-00006;
00034;+02916;+02356;+23157;+02915;+02356;+01000;+02400;00001;-00005;-00009;
00034;+02904;+02360;+23310;+02904;+02360;+01000;+02400;00001;-00008;-00006;
00034;+02893;+02363;+23472;+02893;+02363;+01000;+02400;00001;-00006;+00000;
00034;+02882;+02366;+23634;+02882;+02366;+01000;+02400;00001;-00006;-00006;
00034;+02871;+02369;+23796;+02871;+02369;+01000;+02400;00001;+00000;-00006;
00034;+02860;+02372;+23958;+02859;+02372;+01000;+02400;00001;+00001;-00006;
00034;+02848;+02374;+24120;+02848;+02374;+01000;+02400;00001;-00008;+00000;
00034;+02837;+02376;+24273;+02836;+02376;+01000;+02400;00001;-00004;-00001;
00034;+02826;+02378;+24435;+02825;+02378;+01000;+02400;00001;+00000;+00001;
00034;+02814;+02380;+24597;+02814;+02380;+01000;+02400;00001;+00000;-00001;
00034;+02802;+02381;+24759;+02802;+02382;+01000;+02400;00001;+00003;+00003;
00034;+02791;+02382;+24921;+02790;+02383;+01000;+02400;00001;-00001;+00003;
00034;+02780;+02383;+25083;+02779;+02384;+01000;+02400;00001;+00005;-00003;
00034;+02768;+02384;+25236;+02767;+02385;+01000;+02400;00001;+00008;-00003;
00034;+02757;+02385;+25398;+02755;+02385;+01000;+02400;00001;+00005;+00003;
00034;+02745;+02385;+25560;+02744;+02386;+01000;+02400;00001;-00027;+00036;
00034;+02733;+02385;+25693;+02733;+02386;+01000;+02400;00001;-00032;+00032;
00034;+02722;+02385;-25733;+02721;+02386;+01000;+02400;00003;-00023;+00020;
00034;+02710;+02385;-25733;+02709;+02386;+01000;+02400;00003;+00000;+00000;
00034;+02698;+02385;-25733;+02697;+02386;+01000;+02400;00003;+00001;+00004;
00034;+02686;+02385;-25733;+02686;+02386;+01000;+02400;00003;+00005;+00010;
00034;+02674;+02385;-25733;+02674;+02386;+01000;+02400;00003;+00007;+00012;
00034;+02663;+02385;-25733;+02662;+02386;+01000;+02400;00003;+00011;+00016;
00034;+02650;+02385;-25733;+02650;+02386;+01000;+02400;00003;+00012;+00016;
00034;+02638;+02385;-25733;+02638;+02386;+01000;+02400;00003;+00010;+00015;
00034;+02626;+02385;+25733;+02625;+02386;+01000;+02400;00003;+00012;+00016;
00034;+02613;+02385;+25726;+02612;+02386;+01000;+02400;00003;+00014;+00017;
00034;+02599;+02385;+25719;+02599;+02386;+01000;+02400;00003;+00015;+00016;
00034;+02586;+02385;+25718;+02585;+02386;+01000;+02400;00003;-00007;+00032;
00034;+02572;+02385;+25718;+02571;+02386;+01000;+02400;00003;+00015;+00015;
00034;+02557;+02385;+25718;+02557;+02386;+01000;+02400;00003;+00016;+00012;
00034;+02542;+02386;+25718;+02542;+02386;+01000;+02400;00003;+00015;+00015;
00034;+02528;+02386;+25717;+02527;+02386;+01000;+02400;00003;+00013;+00012;
00034;+02512;+02386;+25717;+02511;+02386;+01000;+02400;00003;+00023;+00000;
00034;+02496;+02386;+25717;+02495;+02386;+01000;+02400;00003;+00015;+00014;
00034;+02480;+02386;+25717;+02479;+02386;+01000;+02400;00003;+00014;+00014;
00034;+02463;+02386;+25717;+02463;+02386;+01000;+02400;00003;+00015;+00010;
00034;+02447;+02386;+25717;+02447;+02386;+01000;+02400;00003;-00003;+00034;
00034;+02430;+02386;+25717;+02430;+02386;+01000;+02400;00003;+00014;+00014;
00034;+02414;+02386;+25717;+02412;+02386;+01000;+02400;00003;+00013;+00013;
00034;+02396;+02386;+25717;+02395;+02386;+01000;+02400;00003;+00012;+00010;
00034;+02379;+02386;+25717;+02377;+02386;+01000;+02400;00003;+00015;+00004;
00034;+02361;+02386;+25717;+02360;+02386;+01000;+02400;00003;-00011;+00027;
00034;+02344;+02386;+25717;+02343;+02386;+01000;+02400;00003;+00004;+00004;
00034;+02326;+02386;+25717;+02326;+02386;+01000;+02400;00003;+00001;+00002;
00034;+02309;+02386;+25717;+02308;+02386;+01000;+02400;00003;+00000;+00000;
00034;+02291;+02386;+25717;+02290;+02386;+01000;+02400;00003;-00001;+00000;
00034;+02274;+02386;+25717;+02273;+02386;+01000;+02400;00003;-00001;+00000;
00034;+02256;+02386;+25717;+02255;+02386;+01000;+02400;00003;+00004;+00000;
00034;+02238;+02386;+25717;+02239;+02386;+01000;+02400;00003;+00012;-00013;
00034;+02222;+02386;+25717;+02221;+02386;+01000;+02400;00003;-00020;+00015;
00034;+02204;+02386;+25717;+02203;+02386;+01000;+02400;00003;-00009;+00011;
00034;+02186;+02386;+25717;+02186;+02386;+01000;+02400;00003;-00001;+00001;
00034;+02169;+02386;+25717;+02169;+02386;+01000;+02400;00003;-00001;+00001;
00034;+02151;+02386;+25717;+02151;+02387;+01000;+02400;00003;-00001;+00001;
00034;+02135;+02386;+25717;+02134;+02387;+01000;+02400;00003;-00001;+00001;
00034;+02117;+02386;+25717;+02116;+02387;+01000;+02400;00003;-00001;+00002;
00034;+02100;+02386;+25717;+02099;+02387;+01000;+02400;00003;-00002;+00003;
00034;+02082;+02386;+25717;+02081;+02387;+01000;+02400;00003;-00003;+00012;
00034;+02064;+02386;+25717;+02064;+02387;+01000;+02400;00003;-00013;+00016;
00034;+02048;+02387;+25717;+02047;+02387;+01000;+02400;00003;-00019;+00017;
00034;+02030;+02387;+25712;+02029;+02387;+01000;+02400;00003;+00015;-00015;
00034;+02013;+02387;+25695;+02012;+02387;+01000;+02400;00003;+00000;+00000;
00034;+01995;+02387;+25695;+01995;+02387;+01000;+02400;00003;+00000;+00001;
00034;+01977;+02387;+25695;+01977;+02387;+01000;+02400;00003;-00001;+00001;
00034;+01961;+02387;+25695;+01960;+02387;+01000;+02400;00003;-00001;+00001;
00034;+01943;+02387;+25683;+01942;+02387;+01000;+02400;00003;-00008;+00011;
00034;+01926;+02387;+25679;+01925;+02387;+01000;+02400;00003;+00012;-00013;
00034;+01908;+02387;+25679;+01907;+02388;+01000;+02400;00003;+00002;+00000;
00034;+01890;+02387;+25679;+01890;+02388;+01000;+02400;00003;+00000;+00000;
00034;+01873;+02387;+25679;+01873;+02388;+01000;+02400;00003;-00011;+00013;
00034;+01856;+02388;+25679;+01855;+02388;+01000;+02400;00003;+00011;-00012;
00034;+01838;+02388;+25679;+01837;+02388;+01000;+02400;00003;+00000;+00000;
00034;+01821;+02388;+25679;+01820;+02388;+01000;+02400;00003;-00019;+00016;
00034;+01803;+02388;+25679;+01802;+02388;+01000;+02400;00003;+00000;+00000;
00034;+01786;+02388;+25679;+01786;+02388;+01000;+02400;00003;-00001;+00000;
00034;+01768;+02388;+25679;+01768;+02388;+01000;+02400;00003;+00009;-00010;
00034;+01751;+02388;+25679;+01750;+02388;+01000;+02400;00003;-00001;+00000;
00034;+01734;+02388;+25676;+01733;+02389;+01000;+02400;00003;+00010;-00009;
00034;+01716;+02389;+25665;+01715;+02389;+01000;+02400;00003;-00006;+00007;
00034;+01699;+02389;+25665;+01699;+02389;+01000;+02400;00003;+00004;+00001;
00034;+01681;+02389;+25665;+01681;+02389;+01000;+02400;00003;+00004;-00006;
00034;+01665;+02389;+25665;+01663;+02389;+01000;+02400;00003;+00000;+00004;
00034;+01647;+02389;+25665;+01646;+02389;+00050;+03600;00002;+00000;+00002;
00034;+01628;+02389;+25665;+01628;+02389;+00050;+03600;00002;-00003;+00000;
00034;+01611;+02389;+25665;+01611;+02390;+00050;+03600;00002;-00008;-00004;
00034;+01593;+02390;+25665;+01592;+02390;+00050;+03600;00002;-00016;-00011;
00034;+01576;+02390;+25653;+01575;+02390;+00050;+03600;00002;-00015;-00012;
00034;+01559;+02390;+25647;+01558;+02390;+00050;+03600;00002;-00016;-00013;
00034;+01542;+02390;+25639;+01541;+02390;+00050;+03600;00002;-00016;-00013;
00034;+01525;+02390;+25628;+01524;+02390;+00050;+03600;00002;-00012;-00016;
00034;+01508;+02391;+25624;+01508;+02391;+00050;+03600;00002;-00014;-00014;
00034;+01492;+02391;+25619;+01492;+02391;+00050;+03600;00002;-00016;-00015;
00034;+01476;+02391;+25609;+01475;+02391;+00050;+03600;00002;-00012;-00015;
00034;+01461;+02391;+25609;+01460;+02391;+00050;+03600;00002;-00016;-00015;
00034;+01446;+02391;+25606;+01445;+02392;+00050;+03600;00002;-00021;-00011;
00034;+01432;+02392;+25600;+01431;+02392;+00050;+03600;00002;-00013;-00017;
00034;+01417;+02392;+25597;+01417;+02392;+00050;+03600;00002;-00011;-00015;
00034;+01403;+02392;+25594;+01403;+02392;+00050;+03600;00002;-00011;-00013;
00034;+01390;+02392;+25591;+01389;+02392;+00050;+03600;00002;-00013;-00014;
00034;+01377;+02393;+25585;+01376;+02393;+00050;+03600;00002;-00016;-00016;
00034;+01364;+02393;+25582;+01363;+02393;+00050;+03600;00002;-00021;-00011;
00034;+01351;+02393;+25578;+01351;+02393;+00050;+03600;00002;-00015;-00014;
00034;+01339;+02393;+25573;+01338;+02393;+00050;+03600;00002;-00014;-00013;
00034;+01326;+02394;+25570;+01326;+02394;+00050;+03600;00002;-00013;-00012;
00034;+01314;+02394;+25567;+01314;+02394;+00050;+03600;00002;-00015;-00010;
00034;+01302;+02394;+25567;+01302;+02394;+00050;+03600;00001;-00025;+00005;
00034;+01290;+02394;+25525;+01291;+02394;+00050;+03600;00001;-00036;+00037;
00034;+01279;+02395;+25401;+01279;+02395;+00050;+03600;00001;-00031;+00030;
00034;+01267;+02395;+25223;+01267;+02395;+00050;+03600;00001;+00001;+00000;
00034;+01256;+02396;+25043;+01256;+02396;+00050;+03600;00001;+00003;+00000;
00034;+01245;+02397;+24863;+01244;+02397;+00050;+03600;00001;+00006;+00000;
00034;+01233;+02399;+24683;+01232;+02399;+00050;+03600;00001;+00009;+00000;
00034;+01222;+02400;+24503;+01221;+02400;+00050;+03600;00001;+00013;+00000;
00034;+01210;+02402;+24323;+01209;+02402;+00050;+03600;00001;+00009;+00005;
00034;+01199;+02404;+24155;+01197;+02404;+00050;+03600;00001;+00011;+00000;
00034;+01187;+02407;+23993;+01186;+02407;+00050;+03600;00001;+00008;+00003;
00034;+01176;+02409;+23831;+01175;+02409;+00050;+03600;00001;+00005;+00006;
00034;+01164;+02412;+23669;+01163;+02412;+00050;+03600;00001;+00005;+00007;
00034;+01153;+02415;+23507;+01152;+02415;+00050;+03600;00001;+00009;+00004;
00034;+01141;+02418;+23345;+01141;+02418;+00050;+03600;00001;+00009;+00007;
00034;+01130;+02422;+23183;+01129;+02422;+00050;+03600;00001;+00006;+00007;
00034;+01119;+02425;+23021;+01118;+02426;+00050;+03600;00001;+00006;+00011;
00034;+01108;+02429;+22859;+01107;+02430;+00050;+03600;00001;+00006;+00012;
00034;+01097;+02433;+22697;+01096;+02434;+00050;+03600;00001;+00000;+00014;
00034;+01086;+02438;+22535;+01086;+02438;+00050;+03600;00001;+00002;+00012;
00034;+01075;+02442;+22370;+01075;+02443;+00050;+03600;00001;+00000;+00011;
00034;+01064;+02447;+22190;+01064;+02448;+00050;+03600;00001;+00000;+00006;
00034;+01054;+02452;+22010;+01054;+02453;+00050;+03600;00001;+00003;+00003;
00034;+01043;+02458;+21830;+01043;+02458;+00050;+03600;00001;+00003;+00001;
00034;+01033;+02463;+21650;+01033;+02463;+00050;+03600;00001;-00007;+00008;
00034;+01022;+02469;+21470;+01023;+02469;+00050;+03600;00001;+00001;-00002;
00034;+01013;+02475;+21290;+01013;+02475;+00050;+03600;00001;+00000;+00000;
00034;+01002;+02481;+21110;+01003;+02481;+00050;+03600;00001;-00005;-00004;
00034;+00993;+02488;+20930;+00993;+02488;+00050;+03600;00001;-00006;-00006;
00034;+00983;+02494;+20750;+00983;+02494;+00050;+03600;00001;+00000;-00010;
00034;+00973;+02501;+20570;+00973;+02501;+00050;+03600;00001;-00009;-00010;
00034;+00964;+02508;+20390;+00964;+02508;+00050;+03600;00001;-00014;-00011;
00034;+00954;+02515;+20214;+00955;+02515;+00050;+03600;00001;-00008;-00011;
00034;+00945;+02523;+20034;+00946;+02523;+00050;+03600;00001;-00011;-00014;
00034;+00936;+02530;+19854;+00937;+02530;+00050;+03600;00001;-00010;-00014;
00034;+00928;+02538;+19690;+00928;+02538;+00050;+03600;00001;-00010;-00009;
00034;+00919;+02546;+19528;+00919;+02546;+00050;+03600;00001;-00012;-00006;
00034;+00911;+02554;+19366;+00911;+02554;+00050;+03600;00001;-00015;+00000;
00034;+00903;+02562;+19204;+00903;+02562;+00050;+03600;00001;-00015;+00000;
00034;+00894;+02570;+19035;+00894;+02571;+00050;+03600;00001;-00002;-00009;
00034;+00887;+02579;+18855;+00886;+02579;+00050;+03600;00001;-00002;-00005;
00034;+00879;+02587;+18675;+00879;+02588;+00050;+03600;00001;-00001;-00005;
00034;+00872;+02596;+18518;+00871;+02597;+00050;+03600;00001;+00037;-00037;
00034;+00864;+02605;+18451;+00864;+02606;+00050;+03600;00001;+00034;-00030;
00034;+00857;+02614;+18447;+00856;+02615;+00050;+03600;00003;+00007;-00003;
00034;+00850;+02623;+18447;+00849;+02624;+00050;+03600;00003;+00012;+00000;
00034;+00842;+02632;+18447;+00842;+02633;+00050;+03600;00003;+00017;+00002;
00034;+00835;+02642;+18448;+00834;+02642;+00050;+03600;00003;+00018;+00001;
00034;+00827;+02651;+18466;+00827;+02652;+00050;+03600;00003;+00015;+00010;
00034;+00820;+02660;+18484;+00819;+02661;+00050;+03600;00003;+00016;+00010;
00034;+00812;+02670;+18502;+00811;+02670;+00050;+03600;00003;+00011;+00019;
00034;+00804;+02680;+18510;+00803;+02680;+00050;+03600;00003;+00015;+00013;
00034;+00796;+02690;+18515;+00795;+02690;+00050;+03600;00003;+00016;+00013;
00034;+00787;+02700;+18519;+00786;+02700;+00050;+03600;00003;+00015;+00016;
00034;+00779;+02710;+18522;+00778;+02710;+00050;+03600;00003;+00016;+00017;
00034;+00770;+02721;+18522;+00769;+02721;+00050;+03600;00003;+00014;+00019;
00034;+00761;+02732;+18522;+00760;+02732;+00050;+03600;00003;+00014;+00019;
00034;+00751;+02743;+18517;+00751;+02744;+00050;+03600;00003;+00015;+00016;
00034;+00742;+02755;+18513;+00741;+02755;+00050;+03600;00003;+00014;+00015;
00034;+00732;+02767;+18513;+00731;+02767;+00050;+03600;00003;+00014;+00016;
00034;+00722;+02779;+18510;+00721;+02780;+00050;+03600;00003;+00014;+00016;
00034;+00711;+02792;+18506;+00711;+02792;+00050;+03600;00003;+00013;+00018;
00034;+00701;+02804;+18501;+00700;+02805;+00050;+03600;00003;+00015;+00015;
00034;+00690;+02817;+18500;+00690;+02818;+00050;+03600;00003;+00016;+00015;
00034;+00680;+02830;+18497;+00679;+02831;+00050;+03600;00003;+00013;+00012;
00034;+00669;+02843;+18497;+00669;+02844;+00050;+03600;00003;+00015;+00014;
00034;+00658;+02857;+18497;+00658;+02858;+00050;+03600;00003;+00014;+00014;
00034;+00647;+02870;+18497;+00646;+02871;+00050;+03600;00003;+00013;+00012;
00034;+00636;+02884;+18497;+00635;+02884;+00050;+03600;00003;+00013;+00013;
00034;+00625;+02897;+18497;+00624;+02898;+00050;+03600;00003;+00015;+00015;
00034;+00614;+02911;+18497;+00613;+02911;+00050;+03600;00003;+00013;+00013;
00034;+00603;+02924;+18497;+00602;+02925;+00050;+03600;00003;+00014;+00014;
00034;+00592;+02937;+18497;+00591;+02939;+00050;+03600;00003;+00013;+00016;
00034;+00581;+02951;+18497;+00579;+02952;+00050;+03600;00003;+00013;+00013;
00034;+00569;+02965;+18485;+00568;+02966;+01000;+04800;00002;+00009;+00005;
00034;+00558;+02978;+18467;+00557;+02979;+01000;+04800;00002;+00010;-00002;
00034;+00547;+02993;+18449;+00546;+02993;+01000;+04800;00002;+00006;-00011;
00034;+00536;+03007;+18436;+00535;+03006;+01000;+04800;00002;-00005;-00011;
00034;+00524;+03020;+18436;+00524;+03020;+01000;+04800;00002;-00009;-00014;
00034;+00513;+03034;+18436;+00513;+03034;+01000;+04800;00002;-00009;-00014;
00034;+00502;+03047;+18437;+00502;+03047;+01000;+04800;00002;-00011;-00015;
00034;+00492;+03060;+18449;+00492;+03060;+01000;+04800;00002;-00011;-00017;
00034;+00482;+03073;+18457;+00481;+03073;+01000;+04800;00002;-00015;-00015;
00034;+00471;+03086;+18462;+00471;+03085;+01000;+04800;00002;-00018;-00013;
00034;+00461;+03098;+18464;+00461;+03097;+01000;+04800;00002;-00017;-00015;
00034;+00451;+03110;+18464;+00451;+03110;+01000;+04800;00002;-00014;-00012;
00034;+00442;+03121;+18464;+00442;+03121;+01000;+04800;00002;-00018;-00010;
00034;+00433;+03132;+18460;+00432;+03133;+01000;+04800;00002;-00017;-00014;
00034;+00424;+03143;+18452;+00424;+03144;+01000;+04800;00002;-00014;-00016;
00034;+00416;+03154;+18445;+00415;+03154;+01000;+04800;00002;-00018;-00012;
00034;+00407;+03165;+18435;+00407;+03165;+01000;+04800;00002;-00010;-00019;
00034;+00399;+03175;+18431;+00399;+03175;+01000;+04800;00002;-00014;-00012;
00034;+00391;+03185;+18424;+00390;+03185;+01000;+04800;00002;-00016;-00012;
00034;+00383;+03195;+18412;+00382;+03195;+01000;+04800;00002;-00009;-00016;
00034;+00375;+03204;+18407;+00375;+03204;+01000;+04800;00002;+00000;-00017;
00034;+00367;+03214;+18405;+00367;+03214;+01000;+04800;00002;-00015;-00012;
00034;+00359;+03224;+18396;+00360;+03223;+01000;+04800;00002;-00011;-00009;
00034;+00352;+03233;+18396;+00352;+03233;+01000;+04800;00001;-00014;-00011;
00034;+00345;+03242;+18365;+00345;+03242;+01000;+04800;00001;-00034;+00037;
00034;+00338;+03251;+18250;+00338;+03251;+01000;+04800;00001;-00034;+00033;
00034;+00331;+03260;+18073;+00331;+03260;+01000;+04800;00001;-00002;+00003;
00034;+00324;+03270;+17893;+00324;+03270;+01000;+04800;00001;-00001;+00004;
00034;+00318;+03279;+17713;+00317;+03279;+01000;+04800;00001;+00009;-00004;
00034;+00311;+03288;+17533;+00311;+03289;+01000;+04800;00001;+00008;+00000;
00034;+00305;+03298;+17353;+00305;+03299;+01000;+04800;00001;+00012;-00001;
00034;+00299;+03308;+17183;+00299;+03309;+01000;+04800;00001;+00015;+00000;
00034;+00293;+03318;+17004;+00293;+03319;+01000;+04800;00001;+00009;+00003;
00034;+00288;+03329;+16842;+00287;+03330;+01000;+04800;00001;+00009;+00002;
00034;+00282;+03339;+16680;+00282;+03340;+01000;+04800;00001;+00007;-00001;
00034;+00277;+03350;+16518;+00277;+03350;+01000;+04800;00001;+00009;+00002;
00034;+00272;+03360;+16356;+00272;+03361;+01000;+04800;00001;+00007;+00003;
00034;+00268;+03371;+16194;+00267;+03371;+01000;+04800;00001;+00007;+00006;
00034;+00263;+03382;+16032;+00263;+03382;+01000;+04800;00001;+00005;+00009;
00034;+00259;+03393;+15870;+00259;+03393;+01000;+04800;00001;+00006;+00007;
00034;+00255;+03404;+15708;+00255;+03404;+01000;+04800;00001;+00004;+00011;
00034;+00251;+03414;+15546;+00251;+03415;+01000;+04800;00001;+00003;+00011;
00034;+00247;+03425;+15380;+00247;+03426;+01000;+04800;00001;-00001;+00012;
00034;+00244;+03436;+15210;+00244;+03437;+01000;+04800;00001;+00007;+00006;
00034;+00241;+03448;+15030;+00241;+03449;+01000;+04800;00001;+00007;+00006;
00034;+00238;+03459;+14850;+00238;+03460;+01000;+04800;00001;+00007;+00005;
00034;+00235;+03471;+14670;+00235;+03471;+01000;+04800;00001;+00004;+00006;
00034;+00233;+03482;+14490;+00233;+03483;+01000;+04800;00001;+00007;+00003;
00034;+00230;+03494;+14310;+00231;+03494;+01000;+04800;00001;+00013;-00003;
00034;+00228;+03505;+14130;+00229;+03505;+01000;+04800;00001;+00008;+00001;
00034;+00227;+03517;+13950;+00227;+03517;+01000;+04800;00001;+00008;+00001;
00034;+00225;+03529;+13770;+00226;+03529;+01000;+04800;00001;+00009;+00000;
00034;+00224;+03540;+13590;+00224;+03540;+01000;+04800;00001;+00007;-00001;
00034;+00223;+03551;+13410;+00223;+03552;+01000;+04800;00001;+00008;-00003;
00034;+00223;+03563;+13230;+00223;+03564;+01000;+04800;00001;+00015;-00012;
00034;+00222;+03575;+13068;+00222;+03575;+01000;+04800;00001;+00005;-00005;
00034;+00222;+03587;+12915;+00222;+03587;+01000;+04800;00001;+00003;-00005;
00034;+00222;+03598;+12753;+00222;+03599;+01000;+04800;00001;+00000;-00005;
00034;+00222;+03610;+12591;+00222;+03610;+01000;+04800;00001;-00006;-00004;
00034;+00223;+03622;+12429;+00223;+03622;+01000;+04800;00001;-00010;+00002;
00034;+00224;+03634;+12267;+00223;+03634;+01000;+04800;00001;-00009;+00000;
00034;+00225;+03646;+12101;+00224;+03645;+01000;+04800;00001;-00008;-00009;
00034;+00226;+03657;+11921;+00226;+03656;+01000;+04800;00001;-00008;-00011;
00034;+00227;+03669;+11751;+00227;+03668;+01000;+04800;00001;-00008;-00010;
00034;+00229;+03680;+11571;+00229;+03680;+01000;+04800;00001;-00008;-00011;
00034;+00231;+03692;+11391;+00231;+03691;+01000;+04800;00001;-00008;-00013;
00034;+00233;+03703;+11211;+00233;+03703;+01000;+04800;00001;-00007;-00015;
00034;+00236;+03715;+11048;+00235;+03714;+01000;+04800;00001;-00015;-00002;
00034;+00238;+03726;+10886;+00238;+03726;+01000;+04800;00001;-00010;-00009;
00034;+00241;+03737;+10724;+00241;+03737;+01000;+04800;00001;-00010;-00009;
00034;+00244;+03748;+10562;+00244;+03748;+01000;+04800;00001;-00009;-00005;
00034;+00247;+03759;+10409;+00247;+03759;+01000;+04800;00001;-00013;-00001;
00034;+00251;+03770;+10247;+00251;+03770;+01000;+04800;00001;-00011;+00000;
00034;+00255;+03781;+10085;+00255;+03782;+01000;+04800;00001;-00015;+00004;

00034;+00259;+03792;+09923;+00259;+03793;+01000;+04800;00001;-00010;-00001;
00034;+00263;+03803;+09761;+00263;+03803;+01000;+04800;00001;-00010;+00001;
00034;+00267;+03814;+09599;+00267;+03814;+01000;+04800;00001;-00002;+00002;
00034;+00272;+03824;+09437;+00272;+03824;+01000;+04800;00001;+00000;+00007;
00034;+00276;+03835;+09275;+00277;+03835;+01000;+04800;00001;-00011;+00013;
00034;+00281;+03845;+09104;+00282;+03845;+01000;+04800;00001;-00005;+00010;
00034;+00287;+03855;+08934;+00288;+03856;+01000;+04800;00001;+00001;+00006;
00034;+00292;+03865;+08754;+00293;+03866;+01000;+04800;00001;+00002;+00007;
00034;+00298;+03875;+08574;+00299;+03876;+01000;+04800;00001;-00003;+00012;
00034;+00304;+03885;+08394;+00305;+03886;+01000;+04800;00001;+00006;+00010;
00034;+00310;+03895;+08214;+00311;+03896;+01000;+04800;00001;+00009;+00011;
00034;+00316;+03905;+08034;+00318;+03905;+01000;+04800;00001;+00010;+00010;
00034;+00323;+03915;+07854;+00324;+03915;+01000;+04800;00001;+00013;+00011;
00034;+00329;+03924;+07676;+00331;+03925;+01000;+04800;00001;+00039;-00019;
00034;+00337;+03933;+07542;+00338;+03934;+01000;+04800;00001;+00030;-00033;
00034;+00344;+03943;+07482;+00345;+03943;+01000;+04800;00003;+00026;-00024;
00034;+00351;+03952;+07464;+00352;+03953;+01000;+04800;00003;+00004;-00003;
00034;+00359;+03962;+07446;+00359;+03962;+01000;+04800;00003;+00012;-00009;
00034;+00366;+03971;+07428;+00366;+03971;+01000;+04800;00003;+00017;-00009;
00034;+00373;+03981;+07427;+00373;+03980;+01000;+04800;00003;+00012;-00003;
00034;+00380;+03990;+07427;+00381;+03990;+01000;+04800;00003;+00020;-00004;
00034;+00388;+04000;+07427;+00388;+04000;+01000;+04800;00003;+00015;+00000;
00034;+00396;+04009;+07427;+00396;+04009;+01000;+04800;00003;+00015;-00006;
00034;+00404;+04019;+07433;+00403;+04020;+01000;+04800;00003;+00007;-00003;
00034;+00412;+04030;+07451;+00411;+04030;+01000;+04800;00003;+00016;+00000;
00034;+00420;+04040;+07468;+00419;+04040;+01000;+04800;00003;+00014;+00008;
00034;+00428;+04051;+07497;+00427;+04051;+01000;+04800;00003;+00018;+00013;
00034;+00436;+04062;+07521;+00436;+04062;+01000;+04800;00003;+00016;+00016;
00034;+00445;+04073;+07541;+00444;+04073;+01000;+04800;00003;+00014;+00015;
00034;+00454;+04085;+07552;+00453;+04085;+01000;+04800;00003;+00012;+00018;
00034;+00463;+04097;+07556;+00463;+04097;+01000;+04800;00003;+00012;+00015;
00034;+00472;+04109;+07560;+00472;+04110;+01000;+04800;00003;+00012;+00011;
00034;+00482;+04122;+07560;+00482;+04122;+01000;+04800;00003;+00014;+00015;
00034;+00492;+04134;+07560;+00492;+04135;+01000;+04800;00003;+00014;+00016;
00034;+00502;+04148;+07560;+00502;+04149;+01000;+04800;00003;+00014;+00014;
00034;+00512;+04161;+07560;+00512;+04162;+01000;+04800;00003;+00013;+00016;
00034;+00522;+04175;+07555;+00522;+04176;+01000;+04800;00003;+00011;+00015;
00034;+00532;+04188;+07550;+00533;+04189;+01000;+04800;00003;+00012;+00014;
00034;+00542;+04202;+07546;+00543;+04202;+01000;+04800;00003;+00012;+00015;
00034;+00553;+04216;+07542;+00554;+04216;+01000;+04800;00003;+00015;+00012;
00034;+00563;+04229;+07542;+00564;+04230;+01000;+04800;00003;+00012;+00014;
00034;+00574;+04243;+07542;+00575;+04244;+01000;+04800;00003;+00012;+00015;
00034;+00585;+04257;+07542;+00586;+04258;+01000;+04800;00003;+00012;+00015;
00034;+00595;+04271;+07537;+00596;+04272;+01000;+04800;00003;+00011;+00014;
00034;+00606;+04285;+07523;+00607;+04286;+03400;+04800;00002;+00011;+00004;
00034;+00617;+04299;+07505;+00617;+04300;+03400;+04800;00002;+00005;+00002;
00034;+00628;+04313;+07487;+00628;+04314;+03400;+04800;00002;+00006;-00011;
00034;+00638;+04327;+07469;+00639;+04328;+03400;+04800;00002;+00000;-00019;
00034;+00649;+04341;+07467;+00650;+04342;+03400;+04800;00002;-00007;-00019;
00034;+00660;+04355;+07467;+00660;+04355;+03400;+04800;00002;-00013;-00015;
00034;+00670;+04369;+07467;+00670;+04368;+03400;+04800;00002;-00012;-00017;
00034;+00680;+04382;+07477;+00680;+04382;+03400;+04800;00002;-00015;-00013;
00034;+00690;+04395;+07481;+00690;+04395;+03400;+04800;00002;-00015;-00015;
00034;+00701;+04408;+07485;+00700;+04407;+03400;+04800;00002;-00013;-00012;
00034;+00710;+04420;+07485;+00710;+04420;+03400;+04800;00002;-00014;-00013;
00034;+00719;+04432;+07485;+00719;+04433;+03400;+04800;00002;-00018;-00012;
00034;+00729;+04444;+07485;+00728;+04444;+03400;+04800;00002;-00017;-00011;
00034;+00737;+04455;+07484;+00738;+04456;+03400;+04800;00002;-00016;-00013;
00034;+00746;+04466;+07473;+00746;+04467;+03400;+04800;00002;-00015;-00013;
00034;+00754;+04477;+07466;+00755;+04478;+03400;+04800;00002;-00016;-00013;
00034;+00762;+04487;+07460;+00763;+04488;+03400;+04800;00002;-00017;-00013;
00034;+00770;+04498;+07450;+00771;+04498;+03400;+04800;00002;-00011;-00018;
00034;+00778;+04508;+07443;+00779;+04508;+03400;+04800;00002;-00013;-00011;
00034;+00786;+04518;+07440;+00786;+04518;+03400;+04800;00002;-00014;-00010;
00034;+00794;+04528;+07436;+00794;+04528;+03400;+04800;00002;-00014;-00015;
00034;+00801;+04538;+07433;+00801;+04538;+03400;+04800;00002;-00013;-00010;
00034;+00809;+04547;+07427;+00809;+04547;+03400;+04800;00002;-00012;-00012;
00034;+00816;+04556;+07423;+00816;+04556;+03400;+04800;00001;-00012;-00014;
00034;+00823;+04566;+07390;+00824;+04566;+03400;+04800;00001;-00032;+00038;
00034;+00830;+04574;+07275;+00830;+04575;+03400;+04800;00001;-00033;+00035;
00034;+00838;+04583;+07097;+00838;+04583;+03400;+04800;00001;+00000;+00003;
00034;+00845;+04592;+06917;+00846;+04592;+03400;+04800;00001;+00006;+00002;
00034;+00853;+04600;+06737;+00854;+04601;+03400;+04800;00001;+00007;+00005;
00034;+00861;+04609;+06567;+00862;+04609;+03400;+04800;00001;+00010;+00003;
00034;+00869;+04617;+06387;+00870;+04617;+03400;+04800;00001;+00011;+00003;
00034;+00877;+04625;+06207;+00878;+04626;+03400;+04800;00001;+00016;+00000;
00034;+00886;+04633;+06044;+00886;+04633;+03400;+04800;00001;+00012;-00001;
00034;+00894;+04640;+05882;+00895;+04641;+03400;+04800;00001;+00005;+00007;
00034;+00903;+04648;+05720;+00904;+04649;+03400;+04800;00001;+00009;+00006;
00034;+00912;+04655;+05567;+00913;+04656;+03400;+04800;00001;+00009;+00007;
00034;+00921;+04663;+05405;+00922;+04663;+03400;+04800;00001;+00007;+00010;
00034;+00931;+04670;+05243;+00931;+04670;+03400;+04800;00001;+00006;+00011;
00034;+00940;+04677;+05081;+00940;+04677;+03400;+04800;00001;+00007;+00011;
00034;+00949;+04683;+04919;+00950;+04684;+03400;+04800;00001;+00006;+00012;
00034;+00959;+04690;+04766;+00960;+04690;+03400;+04800;00001;+00004;+00014;
00034;+00969;+04696;+04599;+00970;+04696;+03400;+04800;00001;+00006;+00009;
00034;+00979;+04702;+04419;+00979;+04702;+03400;+04800;00001;+00006;+00013;
00034;+00989;+04708;+04239;+00989;+04708;+03400;+04800;00001;+00009;+00007;
00034;+00999;+04714;+04059;+01000;+04713;+03400;+04800;00001;+00006;+00009;
00034;+01009;+04719;+03879;+01010;+04719;+03400;+04800;00001;+00013;+00003;
00034;+01020;+04724;+03699;+01020;+04724;+03400;+04800;00001;+00011;+00005;
00034;+01030;+04729;+03529;+01031;+04729;+03400;+04800;00001;+00012;+00003;
00034;+01041;+04734;+03349;+01041;+04734;+03400;+04800;00001;+00009;+00006;
00034;+01052;+04738;+03169;+01052;+04738;+03400;+04800;00001;+00006;+00008;
00034;+01062;+04743;+02989;+01063;+04742;+03400;+04800;00001;+00012;+00001;
00034;+01073;+04747;+02809;+01074;+04747;+03400;+04800;00001;+00013;-00002;
00034;+01084;+04750;+02649;+01085;+04750;+03400;+04800;00001;+00003;+00005;
00034;+01095;+04754;+02487;+01095;+04754;+03400;+04800;00001;+00001;+00000;
00034;+01107;+04758;+02325;+01107;+04757;+03400;+04800;00001;+00004;-00002;
00034;+01117;+04761;+02163;+01118;+04760;+03400;+04800;00001;+00002;+00000;
00034;+01129;+04764;+02001;+01129;+04763;+03400;+04800;00001;+00000;+00000;
00034;+01140;+04766;+01848;+01141;+04766;+03400;+04800;00001;-00005;-00001;
00034;+01152;+04769;+01686;+01151;+04769;+03400;+04800;00001;-00009;+00004;
00034;+01163;+04771;+01524;+01163;+04771;+03400;+04800;00001;-00015;-00001;
00034;+01175;+04773;+01355;+01174;+04773;+03400;+04800;00001;-00008;-00003;
00034;+01186;+04775;+01175;+01186;+04774;+03400;+04800;00001;-00011;-00003;
00034;+01198;+04776;+00995;+01198;+04776;+03400;+04800;00001;-00012;-00005;
00034;+01209;+04778;+00815;+01209;+04777;+03400;+04800;00001;-00014;-00006;
00034;+01221;+04779;+00645;+01221;+04778;+03400;+04800;00001;-00015;-00009;
00034;+01233;+04780;+00465;+01233;+04779;+03400;+04800;00001;-00013;-00009;
00034;+01245;+04780;+00285;+01244;+04780;+03400;+04800;00001;-00015;-00011;
00034;+01256;+04780;+00125;+01255;+04780;+03400;+04800;00001;+00035;-00033;
00034;+01267;+04780;+00035;+01267;+04780;+03400;+04800;00001;+00039;-00033;
00034;+01278;+04781;+00023;+01279;+04780;+03400;+04800;00003;+00007;+00000;
00034;+01290;+04781;+00023;+01290;+04780;+03400;+04800;00003;+00013;+00004;
00034;+01301;+04781;+00023;+01302;+04780;+03400;+04800;00003;+00016;+00005;
00034;+01313;+04781;+00023;+01313;+04781;+03400;+04800;00003;+00015;+00004;
00034;+01324;+04781;+00027;+01325;+04781;+03400;+04800;00003;+00011;+00007;
00034;+01336;+04781;+00045;+01338;+04781;+03400;+04800;00003;+00011;+00016;
00034;+01349;+04781;+00058;+01350;+04781;+03400;+04800;00003;+00017;+00011;
00034;+01361;+04781;+00069;+01362;+04781;+03400;+04800;00003;+00009;+00017;
00034;+01374;+04781;+00079;+01375;+04781;+03400;+04800;00003;+00015;+00013;
00034;+01387;+04781;+00085;+01388;+04781;+03400;+04800;00003;+00014;+00013;
00034;+01400;+04781;+00086;+01401;+04781;+03400;+04800;00003;+00016;+00013;
00034;+01414;+04781;+00092;+01415;+04781;+03400;+04800;00003;+00012;+00017;
00034;+01429;+04782;+00092;+01429;+04782;+03400;+04800;00003;+00014;+00015;
00034;+01443;+04782;+00092;+01443;+04782;+03400;+04800;00003;+00015;+00014;
00034;+01458;+04782;+00092;+01458;+04782;+03400;+04800;00003;+00015;+00016;
00034;+01473;+04782;+00092;+01474;+04782;+03400;+04800;00003;+00014;+00017;
00034;+01489;+04782;+00092;+01489;+04782;+03400;+04800;00003;+00014;+00016;
00034;+01505;+04782;+00088;+01506;+04782;+03400;+04800;00003;+00015;+00016;
00034;+01521;+04783;+00082;+01522;+04782;+03400;+04800;00003;+00016;+00015;
00034;+01538;+04783;+00079;+01538;+04783;+03400;+04800;00003;+00015;+00014;
00034;+01555;+04783;+00079;+01555;+04783;+03400;+04800;00003;+00014;+00015;
00034;+01571;+04783;+00079;+01572;+04783;+03400;+04800;00003;+00015;+00014;
00034;+01588;+04783;+00079;+01589;+04783;+03400;+04800;00003;+00015;+00015;
00034;+01605;+04783;+00079;+01607;+04783;+03400;+04800;00003;+00015;+00015;
00034;+01623;+04783;+00079;+01624;+04783;+03400;+04800;00003;+00015;+00015;
00034;+01640;+04784;+00079;+01641;+04784;+03400;+04800;00003;+00015;+00015;
00034;+01657;+04784;+00079;+01658;+04784;+03400;+04800;00003;+00011;+00012;
00034;+01674;+04784;+00079;+01676;+04784;+03400;+04800;00003;+00012;+00013;
00034;+01692;+04784;+00079;+01694;+04784;+03400;+04800;00003;+00012;+00013;
00034;+01710;+04784;+00079;+01710;+04784;+03400;+04800;00003;+00013;+00014;
00034;+01727;+04784;+00079;+01728;+04784;+03400;+04800;00003;+00013;+00014;
00034;+01744;+04785;+00079;+01746;+04784;+03400;+04800;00003;+00014;+00014;
00034;+01762;+04785;+00079;+01763;+04785;+03400;+04800;00003;+00014;+00015;
00034;+01779;+04785;+00079;+01781;+04785;+03400;+04800;00003;+00014;+00015;
00034;+01797;+04785;+00079;+01797;+04785;+03400;+04800;00003;+00014;+00015;
00034;+01814;+04785;+00079;+01815;+04785;+03400;+04800;00003;+00014;+00015;
00034;+01831;+04785;+00076;+01833;+04785;+03400;+04800;00003;+00011;+00011;
00034;+01849;+04786;+00076;+01850;+04785;+03400;+04800;00003;+00010;+00010;
00034;+01867;+04786;+00076;+01868;+04786;+03400;+04800;00003;+00009;+00009;
00034;+01884;+04786;+00076;+01884;+04786;+03400;+04800;00003;+00007;+00007;
00034;+01902;+04786;+00076;+01902;+04786;+03400;+04800;00003;+00005;+00006;
00034;+01919;+04786;+00076;+01920;+04786;+03400;+04800;00003;+00003;+00004;
00034;+01937;+04786;+00076;+01937;+04786;+03400;+04800;00003;+00001;+00002;
00034;+01954;+04787;+00076;+01955;+04786;+03400;+04800;00003;+00000;+00000;
00034;+01972;+04787;+00076;+01971;+04787;+03400;+04800;00003;-00002;-00002;
00034;+01990;+04787;+00076;+01989;+04787;+03400;+04800;00003;-00005;-00004;
00034;+02007;+04787;+00076;+02007;+04787;+03400;+04800;00003;-00008;-00007;
00034;+02024;+04787;+00076;+02024;+04787;+03400;+04800;00003;-00010;-00010;
00034;+02042;+04787;+00076;+02042;+04787;+03400;+04800;00003;-00014;-00013;
00034;+02060;+04788;+00073;+02059;+04787;+03400;+04800;00003;-00011;-00011;
00034;+02077;+04788;+00073;+02076;+04788;+03400;+04800;00003;-00011;-00011;
00034;+02095;+04788;+00073;+02094;+04788;+03400;+04800;00003;-00012;-00012;
00034;+02111;+04788;+00073;+02111;+04788;+03400;+04800;00003;-00013;-00013;
00034;+02129;+04788;+00073;+02129;+04788;+03400;+04800;00003;-00014;-00014;
00034;+02147;+04788;+00073;+02146;+04788;+03400;+04800;00003;-00014;-00015;
00034;+02164;+04788;+00073;+02163;+04788;+03400;+04800;00003;-00015;-00015;
00034;+02182;+04789;+00073;+02181;+04788;+03400;+04800;00003;-00013;-00014;
00034;+02198;+04789;+00073;+02198;+04789;+03400;+04800;00003;-00013;-00013;
00034;+02216;+04789;+00073;+02216;+04789;+03400;+04800;00003;-00012;-00013;
00034;+02233;+04789;+00073;+02233;+04789;+03400;+04800;00003;-00012;-00013;
00034;+02251;+04789;+00073;+02250;+04789;+03400;+04800;00003;-00011;-00012;
00034;+02268;+04789;+00073;+02268;+04789;+03400;+04800;00003;-00010;-00011;
00034;+02285;+04790;+00073;+02285;+04789;+03400;+04800;00003;-00009;-00010;
00034;+02302;+04790;+00073;+02303;+04790;+03400;+04800;00003;-00008;-00009;
00034;+02319;+04790;+00073;+02320;+04790;+03400;+04800;00003;-00007;-00008;
00034;+02337;+04790;+00073;+02337;+04790;+03400;+04800;00003;-00005;-00006;
00034;+02354;+04790;+00073;+02355;+04790;+03400;+04800;00003;-00004;-00005;
00034;+02371;+04790;+00073;+02372;+04790;+03400;+04800;00003;-00002;-00003;
00034;+02388;+04790;+00073;+02390;+04790;+03400;+04800;00003;+00000;-00001;
00034;+02406;+04791;+00073;+02407;+04791;+03400;+04800;00003;+00001;+00000;
00034;+02423;+04791;+00073;+02424;+04791;+03400;+04800;00003;+00003;+00002;
00034;+02441;+04791;+00073;+02442;+04791;+03400;+04800;00003;+00005;+00004;
00034;+02457;+04791;+00073;+02459;+04791;+03400;+04800;00003;+00008;+00006;
00034;+02475;+04791;+00073;+02477;+04791;+03400;+04800;00003;+00010;+00009;
00034;+02492;+04791;+00073;+02493;+04791;+03400;+04800;00003;+00013;+00012;
00034;+02509;+04792;+00073;+02511;+04791;+03400;+04800;00003;+00015;+00012;
00034;+02526;+04792;+00073;+02529;+04792;+03400;+04800;00003;+00014;+00013;
00034;+02544;+04792;+00073;+02546;+04792;+03400;+04800;00003;+00015;+00013;
00034;+02562;+04792;+00073;+02563;+04792;+03400;+04800;00003;+00015;+00013;
00034;+02578;+04792;+00073;+02580;+04792;+03400;+04800;00003;+00015;+00013;
00034;+02596;+04792;+00073;+02598;+04792;+03400;+04800;00003;+00015;+00013;
00034;+02614;+04792;+00073;+02616;+04792;+03400;+04800;00003;+00015;+00013;
00034;+02631;+04793;+00073;+02632;+04793;+03400;+04800;00003;+00015;+00012;
00034;+02649;+04793;+00073;+02650;+04793;+03400;+04800;00003;+00015;+00012;
00034;+02666;+04793;+00073;+02668;+04793;+03400;+04800;00003;+00014;+00012;
00034;+02684;+04793;+00073;+02685;+04793;+03400;+04800;00003;+00014;+00011;
00034;+02701;+04793;+00073;+02703;+04793;+03400;+04800;00003;+00013;+00011;
00034;+02719;+04793;+00073;+02719;+04793;+03400;+04800;00003;+00012;+00010;
00034;+02737;+04793;+00073;+02737;+04794;+03400;+04800;00003;+00011;+00009;
00034;+02753;+04794;+00073;+02755;+04794;+03400;+04800;00003;+00010;+00008;
00034;+02771;+04794;+00073;+02772;+04794;+03400;+04800;00003;+00009;+00006;
00034;+02789;+04794;+00073;+02789;+04794;+03400;+04800;00003;+00008;+00005;
00034;+02807;+04794;+00073;+02806;+04794;+03400;+04800;00003;+00007;+00004;
00034;+02823;+04794;+00073;+02824;+04794;+03400;+04800;00003;+00005;+00002;
00034;+02841;+04794;+00073;+02842;+04795;+03400;+04800;00003;+00003;+00000;
00034;+02859;+04795;+00073;+02859;+04795;+03400;+04800;00003;+00001;-00001;
00034;+02876;+04795;+00073;+02876;+04795;+03400;+04800;00003;+00000;-00003;
00034;+02894;+04795;+00073;+02893;+04795;+03400;+04800;00003;-00002;-00005;
00034;+02911;+04795;+00073;+02911;+04795;+03400;+04800;00003;-00004;-00007;
00034;+02929;+04795;+00073;+02929;+04795;+03400;+04800;00003;-00007;-00010;
00034;+02946;+04795;+00073;+02946;+04795;+03400;+04800;00003;-00009;-00013;
00034;+02964;+04795;+00073;+02964;+04796;+03400;+04800;00003;-00012;-00015;
00034;+02982;+04796;+00073;+02980;+04796;+03400;+04800;00003;-00012;-00016;
00034;+02998;+04796;+00073;+02998;+04796;+03400;+04800;00003;-00011;-00015;
00034;+03016;+04796;+00073;+03016;+04796;+03400;+04800;00004;-00011;-00014;
00034;+03033;+04796;+00073;+03033;+04796;+03400;+04800;00004;-00011;-00015;
00034;+03051;+04796;+00073;+03051;+04796;+03400;+04800;00004;-00008;-00020;
00034;+03068;+04796;+00073;+03068;+04797;+03400;+04800;00004;-00009;-00014;
00034;+03085;+04797;+00076;+03085;+04797;+03400;+04800;00004;-00012;-00015;
00034;+03102;+04797;+00081;+03102;+04797;+03400;+04800;00004;-00014;-00013;
00034;+03118;+04797;+00088;+03119;+04797;+03400;+04800;00004;-00016;-00012;
00034;+03135;+04797;+00090;+03136;+04797;+03400;+04800;00004;-00015;-00015;
00034;+03151;+04797;+00093;+03152;+04797;+03400;+04800;00004;-00016;-00014;
00034;+03167;+04797;+00093;+03168;+04798;+03400;+04800;00004;-00014;-00014;
00034;+03183;+04798;+00093;+03184;+04798;+03400;+04800;00004;-00016;-00013;
00034;+03199;+04798;+00093;+03199;+04798;+03400;+04800;00004;-00015;-00013;
00034;+03214;+04798;+00093;+03214;+04798;+03400;+04800;00004;-00011;-00019;
00034;+03228;+04798;+00090;+03229;+04798;+03400;+04800;00004;-00010;-00017;
00034;+03242;+04798;+00085;+03243;+04798;+03400;+04800;00004;-00010;-00019;
00034;+03255;+04798;+00083;+03257;+04798;+03400;+04800;00004;-00018;-00015;
00034;+03269;+04798;+00079;+03270;+04798;+03400;+04800;00004;-00009;-00021;
00034;+03281;+04799;+00078;+03283;+04799;+03400;+04800;00004;-00013;-00016;
00034;+03293;+04799;+00075;+03295;+04799;+03400;+04800;00004;-00016;-00015;
00034;+03305;+04799;+00075;+03306;+04799;+03400;+04800;00004;-00017;-00015;
00034;+03316;+04799;+00069;+03317;+04799;+03400;+04800;00004;-00013;-00017;
00034;+03326;+04799;+00068;+03327;+04799;+03400;+04800;00004;-00016;-00015;
00034;+03335;+04799;+00065;+03336;+04799;+03400;+04800;00004;-00016;-00015;
00034;+03343;+04799;+00064;+03344;+04799;+03400;+04800;00004;-00025;-00010;
00034;+03351;+04799;+00064;+03352;+04799;+03400;+04800;00004;-00020;-00007;
00034;+03358;+04799;+00063;+03359;+04799;+03400;+04800;00004;-00023;-00012;
00034;+03365;+04799;+00063;+03366;+04799;+03400;+04800;00004;-00011;-00025;
00034;+03371;+04799;+00063;+03371;+04799;+03400;+04800;00004;-00018;-00012;
00034;+03376;+04799;+00063;+03376;+04799;+03400;+04800;00004;-00019;-00010;
00034;+03380;+04799;+00063;+03381;+04799;+03400;+04800;00004;-00013;-00014;
00034;+03384;+04799;+00063;+03385;+04799;+03400;+04800;00004;-00012;-00017;
00034;+03388;+04799;+00063;+03388;+04799;+03400;+04800;00004;-00014;-00016;
00034;+03391;+04799;+00063;+03391;+04799;+03400;+04800;00004;-00015;-00015;
00034;+03394;+04799;+00063;+03394;+04799;+03400;+04800;00004;-00014;-00016;
00034;+03396;+04799;+00058;+03396;+04799;+03400;+04800;00004;+00028;-00046;
00034;+03398;+04799;+00057;+03398;+04799;+03400;+04800;00004;-00035;+00026;
00034;+03399;+04799;+00057;+03399;+04799;+03400;+04800;00004;+00031;-00032;
00034;+03400;+04800;+00115;+03400;+04800;+03400;+04800;00004;-00068;+00059;
00034;+03401;+04800;+00197;+03401;+04800;+03400;+04800;00004;+00000;-00012;
00034;+03402;+04800;+00262;+03402;+04800;+03400;+04800;00004;-00010;+00001;
00034;+03403;+04800;+00326;+03402;+04800;+03400;+04800;00004;-00007;-00006;
00034;+03403;+04800;+00395;+03402;+04800;+03400;+04800;00004;-00013;-00013;
00034;+03404;+04800;+00467;+03403;+04800;+03400;+04800;00004;-00015;-00014;
00034;+03404;+04800;+00536;+03403;+04800;+03400;+04800;00004;-00014;-00014;
00034;+03404;+04800;+00608;+03403;+04800;+03400;+04800;00004;-00014;-00014;
00034;+03404;+04800;+00677;+03403;+04800;+03400;+04800;00004;-00013;-00013;
00034;+03404;+04800;+00746;+03403;+04800;+03400;+04800;00004;-00014;-00014;
00034;+03404;+04800;+00818;+03403;+04800;+03400;+04800;00004;-00015;-00015;
00034;+03404;+04800;+00887;+03403;+04800;+03400;+04800;00004;-00013;-00013;
00034;+03404;+04800;+00956;+03403;+04800;+03400;+04800;00004;-00013;-00013;
00034;+03403;+04800;+01025;+03403;+04800;+03400;+04800;00004;-00012;-00012;
00034;+03403;+04799;+01097;+03403;+04800;+03400;+04800;00004;-00012;-00012;
00034;+03403;+04799;+01166;+03403;+04800;+03400;+04800;00004;-00010;-00010;
00034;+03403;+04799;+01235;+03403;+04800;+03400;+04800;00004;-00009;-00009;
00034;+03403;+04799;+01304;+03403;+04800;+03400;+04800;00004;-00007;-00007;
00034;+03403;+04799;+01376;+03403;+04800;+03400;+04800;00004;-00005;-00005;
00034;+03402;+04799;+01445;+03403;+04800;+03400;+04800;00004;-00003;-00003;
00034;+03402;+04799;+01514;+03403;+04800;+03400;+04800;00004;+00000;+00000;
00034;+03402;+04799;+01586;+03403;+04800;+03400;+04800;00004;+00001;+00001;
00034;+03402;+04799;+01655;+03403;+04800;+03400;+04800;00004;+00005;+00005;
00034;+03402;+04799;+01724;+03403;+04800;+03400;+04800;00004;+00008;+00008;
00034;+03402;+04799;+01793;+03403;+04800;+03400;+04800;00004;+00012;+00012;
00034;+03401;+04799;+01862;+03403;+04800;+03400;+04800;00004;+00015;+00015;
00034;+03401;+04799;+01934;+03403;+04800;+03400;+04800;00004;+00015;+00015;
00034;+03401;+04799;+02003;+03403;+04800;+03400;+04800;00004;+00015;+00015;
00034;+03401;+04799;+02072;+03403;+04800;+03400;+04800;00004;+00014;+00014;
00034;+03402;+04799;+02141;+03403;+04800;+03400;+04800;00004;+00014;+00014;
00034;+03402;+04799;+02210;+03403;+04800;+03400;+04800;00004;+00014;+00014;
00034;+03402;+04799;+02282;+03403;+04800;+03400;+04800;00004;+00014;+00013;
00034;+03402;+04799;+02351;+03403;+04800;+03400;+04800;00004;+00013;+00013;
00034;+03402;+04799;+02420;+03403;+04800;+03400;+04800;00004;+00012;+00012;
00034;+03402;+04799;+02489;+03403;+04800;+03400;+04800;00004;+00011;+00011;
00034;+03403;+04799;+02561;+03403;+04800;+03400;+04800;00004;+00009;+00009;
00034;+03403;+04799;+02630;+03403;+04800;+03400;+04800;00004;+00008;+00008;
00034;+03403;+04800;+02699;+03403;+04800;+03400;+04800;00004;+00006;+00006;
00034;+03403;+04800;+02768;+03403;+04800;+03400;+04800;00004;+00004;+00004;
00034;+03403;+04800;+02840;+03403;+04800;+03400;+04800;00004;+00001;+00001;
00034;+03403;+04800;+02909;+03403;+04800;+03400;+04800;00004;+00000;-00001;
00034;+03403;+04800;+02978;+03403;+04800;+03400;+04800;00004;-00004;-00004;
00034;+03404;+04800;+03050;+03403;+04800;+03400;+04800;00004;-00007;-00007;
00034;+03404;+04800;+03119;+03403;+04800;+03400;+04800;00004;-00011;-00011;
00034;+03404;+04800;+03188;+03403;+04800;+03400;+04800;00004;-00014;-00014;
00034;+03404;+04800;+03257;+03403;+04800;+03400;+04800;00004;-00013;-00013;
00034;+03404;+04800;+03329;+03403;+04800;+03400;+04800;00004;-00015;-00015;
00034;+03404;+04800;+03398;+03403;+04800;+03400;+04800;00004;-00014;-00014;
00034;+03404;+04800;+03467;+03403;+04800;+03400;+04800;00004;-00015;-00015;
00034;+03404;+04800;+03539;+03403;+04800;+03400;+04800;00004;-00010;-00011;
00034;+03403;+04800;+03608;+03403;+04800;+03400;+04800;00004;-00009;-00009;
00034;+03403;+04800;+03677;+03403;+04800;+03400;+04800;00004;-00007;-00007;
00034;+03403;+04799;+03746;+03403;+04800;+03400;+04800;00004;-00004;-00004;
